/cosma/home/durham/dc-coll7/masters/plot_generation.py:171: RuntimeWarning: divide by zero encountered in log10
  imshows=[ax_masshist[row_index][planes[plane]['index']].imshow(np.log10(loaded_data[plane]),extent=plot_extents[plane],vmin=vmin,vmax=vmax,cmap=type_plot_info[matter_type]['cmap'],aspect='equal') for plane in planes]
/cosma/home/durham/dc-coll7/masters/plot_generation.py:280: RuntimeWarning: divide by zero encountered in log10
  imshows=[ax_gashist[row_index][planes[plane]['index']].imshow(np.log10(loaded_data[plane]),extent=plot_extents[plane],vmin=vmin,vmax=vmax,cmap=dens_plot_info[density]['cmap'],aspect='equal') for plane in planes]
/cosma/home/durham/dc-coll7/masters/data_handling.py:504: RuntimeWarning: invalid value encountered in divide
  weighted_mean_metallicity=np.divide(weighted_metallicity,bin_masses)
/cosma/home/durham/dc-coll7/masters/data_handling.py:529: RuntimeWarning: divide by zero encountered in log10
  masks={'DLA':np.log10(nH_col) >20.3,'subDLA': (20.3>np.log10(nH_col)) & (np.log10(nH_col) >19),'LymanLimit': (19>np.log10(nH_col)) & (np.log10(nH_col) >17.2)}
/cosma/home/durham/dc-coll7/masters/plot_generation.py:438: UserWarning: Attempt to set non-positive ylim on a log-scaled axis will be ignored.
  plt.ylim([0,np.float64(10**5)])
/cosma/home/durham/dc-coll7/masters/plot_generation.py:464: UserWarning: Attempt to set non-positive xlim on a log-scaled axis will be ignored.
  ax_gzhist.set_xlim([0,np.float64(3*10**4)])
/cosma/home/durham/dc-coll7/masters/plot_generation.py:171: RuntimeWarning: divide by zero encountered in log10
  imshows=[ax_masshist[row_index][planes[plane]['index']].imshow(np.log10(loaded_data[plane]),extent=plot_extents[plane],vmin=vmin,vmax=vmax,cmap=type_plot_info[matter_type]['cmap'],aspect='equal') for plane in planes]
/cosma/home/durham/dc-coll7/masters/plot_generation.py:280: RuntimeWarning: divide by zero encountered in log10
  imshows=[ax_gashist[row_index][planes[plane]['index']].imshow(np.log10(loaded_data[plane]),extent=plot_extents[plane],vmin=vmin,vmax=vmax,cmap=dens_plot_info[density]['cmap'],aspect='equal') for plane in planes]
/cosma/home/durham/dc-coll7/masters/data_handling.py:504: RuntimeWarning: invalid value encountered in divide
  weighted_mean_metallicity=np.divide(weighted_metallicity,bin_masses)
/cosma/home/durham/dc-coll7/masters/data_handling.py:529: RuntimeWarning: divide by zero encountered in log10
  masks={'DLA':np.log10(nH_col) >20.3,'subDLA': (20.3>np.log10(nH_col)) & (np.log10(nH_col) >19),'LymanLimit': (19>np.log10(nH_col)) & (np.log10(nH_col) >17.2)}
/cosma/home/durham/dc-coll7/masters/plot_generation.py:438: UserWarning: Attempt to set non-positive ylim on a log-scaled axis will be ignored.
  plt.ylim([0,np.float64(10**5)])
/cosma/home/durham/dc-coll7/masters/plot_generation.py:464: UserWarning: Attempt to set non-positive xlim on a log-scaled axis will be ignored.
  ax_gzhist.set_xlim([0,np.float64(3*10**4)])
/cosma/home/durham/dc-coll7/masters/plot_generation.py:171: RuntimeWarning: divide by zero encountered in log10
  imshows=[ax_masshist[row_index][planes[plane]['index']].imshow(np.log10(loaded_data[plane]),extent=plot_extents[plane],vmin=vmin,vmax=vmax,cmap=type_plot_info[matter_type]['cmap'],aspect='equal') for plane in planes]
/cosma/home/durham/dc-coll7/masters/plot_generation.py:280: RuntimeWarning: divide by zero encountered in log10
  imshows=[ax_gashist[row_index][planes[plane]['index']].imshow(np.log10(loaded_data[plane]),extent=plot_extents[plane],vmin=vmin,vmax=vmax,cmap=dens_plot_info[density]['cmap'],aspect='equal') for plane in planes]
/cosma/home/durham/dc-coll7/masters/data_handling.py:504: RuntimeWarning: invalid value encountered in divide
  weighted_mean_metallicity=np.divide(weighted_metallicity,bin_masses)
/cosma/home/durham/dc-coll7/masters/data_handling.py:529: RuntimeWarning: divide by zero encountered in log10
  masks={'DLA':np.log10(nH_col) >20.3,'subDLA': (20.3>np.log10(nH_col)) & (np.log10(nH_col) >19),'LymanLimit': (19>np.log10(nH_col)) & (np.log10(nH_col) >17.2)}
/cosma/home/durham/dc-coll7/masters/plot_generation.py:392: RuntimeWarning: More than 20 figures have been opened. Figures created through the pyplot interface (`matplotlib.pyplot.figure`) are retained until explicitly closed and may consume too much memory. (To control this warning, see the rcParam `figure.max_open_warning`). Consider using `matplotlib.pyplot.close()`.
  fig_scatter, ax_scatter=plt.subplots(figsize=(15,12))
/cosma/home/durham/dc-coll7/masters/plot_generation.py:438: UserWarning: Attempt to set non-positive ylim on a log-scaled axis will be ignored.
  plt.ylim([0,np.float64(10**5)])
/cosma/home/durham/dc-coll7/masters/plot_generation.py:464: UserWarning: Attempt to set non-positive xlim on a log-scaled axis will be ignored.
  ax_gzhist.set_xlim([0,np.float64(3*10**4)])
/cosma/home/durham/dc-coll7/masters/plot_generation.py:171: RuntimeWarning: divide by zero encountered in log10
  imshows=[ax_masshist[row_index][planes[plane]['index']].imshow(np.log10(loaded_data[plane]),extent=plot_extents[plane],vmin=vmin,vmax=vmax,cmap=type_plot_info[matter_type]['cmap'],aspect='equal') for plane in planes]
/cosma/home/durham/dc-coll7/masters/plot_generation.py:280: RuntimeWarning: divide by zero encountered in log10
  imshows=[ax_gashist[row_index][planes[plane]['index']].imshow(np.log10(loaded_data[plane]),extent=plot_extents[plane],vmin=vmin,vmax=vmax,cmap=dens_plot_info[density]['cmap'],aspect='equal') for plane in planes]
/cosma/home/durham/dc-coll7/masters/data_handling.py:504: RuntimeWarning: invalid value encountered in divide
  weighted_mean_metallicity=np.divide(weighted_metallicity,bin_masses)
/cosma/home/durham/dc-coll7/masters/data_handling.py:529: RuntimeWarning: divide by zero encountered in log10
  masks={'DLA':np.log10(nH_col) >20.3,'subDLA': (20.3>np.log10(nH_col)) & (np.log10(nH_col) >19),'LymanLimit': (19>np.log10(nH_col)) & (np.log10(nH_col) >17.2)}
/cosma/home/durham/dc-coll7/masters/plot_generation.py:438: UserWarning: Attempt to set non-positive ylim on a log-scaled axis will be ignored.
  plt.ylim([0,np.float64(10**5)])
/cosma/home/durham/dc-coll7/masters/plot_generation.py:464: UserWarning: Attempt to set non-positive xlim on a log-scaled axis will be ignored.
  ax_gzhist.set_xlim([0,np.float64(3*10**4)])
/cosma/home/durham/dc-coll7/masters/plot_generation.py:171: RuntimeWarning: divide by zero encountered in log10
  imshows=[ax_masshist[row_index][planes[plane]['index']].imshow(np.log10(loaded_data[plane]),extent=plot_extents[plane],vmin=vmin,vmax=vmax,cmap=type_plot_info[matter_type]['cmap'],aspect='equal') for plane in planes]
/cosma/home/durham/dc-coll7/masters/plot_generation.py:280: RuntimeWarning: divide by zero encountered in log10
  imshows=[ax_gashist[row_index][planes[plane]['index']].imshow(np.log10(loaded_data[plane]),extent=plot_extents[plane],vmin=vmin,vmax=vmax,cmap=dens_plot_info[density]['cmap'],aspect='equal') for plane in planes]
/cosma/home/durham/dc-coll7/masters/data_handling.py:504: RuntimeWarning: invalid value encountered in divide
  weighted_mean_metallicity=np.divide(weighted_metallicity,bin_masses)
/cosma/home/durham/dc-coll7/masters/data_handling.py:529: RuntimeWarning: divide by zero encountered in log10
  masks={'DLA':np.log10(nH_col) >20.3,'subDLA': (20.3>np.log10(nH_col)) & (np.log10(nH_col) >19),'LymanLimit': (19>np.log10(nH_col)) & (np.log10(nH_col) >17.2)}
/cosma/home/durham/dc-coll7/masters/plot_generation.py:438: UserWarning: Attempt to set non-positive ylim on a log-scaled axis will be ignored.
  plt.ylim([0,np.float64(10**5)])
/cosma/home/durham/dc-coll7/masters/plot_generation.py:464: UserWarning: Attempt to set non-positive xlim on a log-scaled axis will be ignored.
  ax_gzhist.set_xlim([0,np.float64(3*10**4)])
/cosma/home/durham/dc-coll7/masters/plot_generation.py:171: RuntimeWarning: divide by zero encountered in log10
  imshows=[ax_masshist[row_index][planes[plane]['index']].imshow(np.log10(loaded_data[plane]),extent=plot_extents[plane],vmin=vmin,vmax=vmax,cmap=type_plot_info[matter_type]['cmap'],aspect='equal') for plane in planes]
/cosma/home/durham/dc-coll7/masters/plot_generation.py:280: RuntimeWarning: divide by zero encountered in log10
  imshows=[ax_gashist[row_index][planes[plane]['index']].imshow(np.log10(loaded_data[plane]),extent=plot_extents[plane],vmin=vmin,vmax=vmax,cmap=dens_plot_info[density]['cmap'],aspect='equal') for plane in planes]
/cosma/home/durham/dc-coll7/masters/data_handling.py:504: RuntimeWarning: invalid value encountered in divide
  weighted_mean_metallicity=np.divide(weighted_metallicity,bin_masses)
/cosma/home/durham/dc-coll7/masters/data_handling.py:529: RuntimeWarning: divide by zero encountered in log10
  masks={'DLA':np.log10(nH_col) >20.3,'subDLA': (20.3>np.log10(nH_col)) & (np.log10(nH_col) >19),'LymanLimit': (19>np.log10(nH_col)) & (np.log10(nH_col) >17.2)}
/cosma/home/durham/dc-coll7/masters/plot_generation.py:438: UserWarning: Attempt to set non-positive ylim on a log-scaled axis will be ignored.
  plt.ylim([0,np.float64(10**5)])
/cosma/home/durham/dc-coll7/masters/plot_generation.py:464: UserWarning: Attempt to set non-positive xlim on a log-scaled axis will be ignored.
  ax_gzhist.set_xlim([0,np.float64(3*10**4)])
/cosma/home/durham/dc-coll7/masters/plot_generation.py:171: RuntimeWarning: divide by zero encountered in log10
  imshows=[ax_masshist[row_index][planes[plane]['index']].imshow(np.log10(loaded_data[plane]),extent=plot_extents[plane],vmin=vmin,vmax=vmax,cmap=type_plot_info[matter_type]['cmap'],aspect='equal') for plane in planes]
/cosma/home/durham/dc-coll7/masters/plot_generation.py:280: RuntimeWarning: divide by zero encountered in log10
  imshows=[ax_gashist[row_index][planes[plane]['index']].imshow(np.log10(loaded_data[plane]),extent=plot_extents[plane],vmin=vmin,vmax=vmax,cmap=dens_plot_info[density]['cmap'],aspect='equal') for plane in planes]
/cosma/home/durham/dc-coll7/masters/data_handling.py:504: RuntimeWarning: invalid value encountered in divide
  weighted_mean_metallicity=np.divide(weighted_metallicity,bin_masses)
/cosma/home/durham/dc-coll7/masters/data_handling.py:529: RuntimeWarning: divide by zero encountered in log10
  masks={'DLA':np.log10(nH_col) >20.3,'subDLA': (20.3>np.log10(nH_col)) & (np.log10(nH_col) >19),'LymanLimit': (19>np.log10(nH_col)) & (np.log10(nH_col) >17.2)}
/cosma/home/durham/dc-coll7/masters/plot_generation.py:438: UserWarning: Attempt to set non-positive ylim on a log-scaled axis will be ignored.
  plt.ylim([0,np.float64(10**5)])
/cosma/home/durham/dc-coll7/masters/plot_generation.py:464: UserWarning: Attempt to set non-positive xlim on a log-scaled axis will be ignored.
  ax_gzhist.set_xlim([0,np.float64(3*10**4)])
/cosma/home/durham/dc-coll7/masters/plot_generation.py:171: RuntimeWarning: divide by zero encountered in log10
  imshows=[ax_masshist[row_index][planes[plane]['index']].imshow(np.log10(loaded_data[plane]),extent=plot_extents[plane],vmin=vmin,vmax=vmax,cmap=type_plot_info[matter_type]['cmap'],aspect='equal') for plane in planes]
/cosma/home/durham/dc-coll7/masters/plot_generation.py:280: RuntimeWarning: divide by zero encountered in log10
  imshows=[ax_gashist[row_index][planes[plane]['index']].imshow(np.log10(loaded_data[plane]),extent=plot_extents[plane],vmin=vmin,vmax=vmax,cmap=dens_plot_info[density]['cmap'],aspect='equal') for plane in planes]
/cosma/home/durham/dc-coll7/masters/data_handling.py:504: RuntimeWarning: invalid value encountered in divide
  weighted_mean_metallicity=np.divide(weighted_metallicity,bin_masses)
/cosma/home/durham/dc-coll7/masters/data_handling.py:529: RuntimeWarning: divide by zero encountered in log10
  masks={'DLA':np.log10(nH_col) >20.3,'subDLA': (20.3>np.log10(nH_col)) & (np.log10(nH_col) >19),'LymanLimit': (19>np.log10(nH_col)) & (np.log10(nH_col) >17.2)}
/cosma/home/durham/dc-coll7/masters/plot_generation.py:438: UserWarning: Attempt to set non-positive ylim on a log-scaled axis will be ignored.
  plt.ylim([0,np.float64(10**5)])
/cosma/home/durham/dc-coll7/masters/plot_generation.py:464: UserWarning: Attempt to set non-positive xlim on a log-scaled axis will be ignored.
  ax_gzhist.set_xlim([0,np.float64(3*10**4)])

 T1_Aug redshift file imported

--- Target Redshift: 4 ---
Snapshot Number Selected: 152
Snapshot True Redshift: 4.0079451114652676
Redshift Difference: 0.19862778663168879%

 T1_Aug redshift file imported

--- Target Redshift: 1 ---
Snapshot Number Selected: 164
Snapshot True Redshift: 0.9972942257819404
Redshift Difference: 0.270577421805962%

Directory for T1_Aug located

 Redshift file for T1_Aug located

Snapshot Number: 152
Snapshot Redshift: 4.0079451114652676

Snapshot 152 gmet Raw Data Incomplete
Using default directory: /cosma8/data/dp004/lyra/original_sample/

Directory for T1_Aug located
T1_Aug Redshift File Located

Snapshot Number 152 Provided

 Redshift file for T1_Aug located

Snapshot Number: 152
Snapshot Redshift: 4.0079451114652676

No Directory Detected for T1_Aug Snapshot 152
T1_Aug Snapshot 152 Directory Created

No T1_Aug Snapshot 152 subfind directory detected
Subfind directory for T1_Aug Snapshot 152 created

Importing T1_Aug Snapshot 152 Subfind Data
Subfind Data imported

No Subfind FoF Data Located\Loading subfind data for T1_Aug from Snapshot 152
Subfind FoF position data saved
Subfind FoF mass data saved
Subfind Halo Parameters Saved

 Redshift file for T1_Aug located

Snapshot Number: 152
Snapshot Redshift: 4.0079451114652676

Subfind Position Data Imported
Subfind Mass Data Imported

 Redshift file for T1_Aug located

Snapshot Number: 152
Snapshot Redshift: 4.0079451114652676

No T1_Aug raw Snapshot 152 data directory detected
Directory for T1_Aug raw Snapshot 152 data created

T1_Aug Snapshot 152 Gas raw data incomplete
Importing Snapshot 152 Gas data
T1_Aug Snapshot 152 Gas data loaded

Saving required Gas snapshot data to external file

Gas pos data loaded
Gas pos data saved externally

Gas mass data loaded
Gas mass data saved externally

Gas gz data loaded
Gas gz data saved externally

Gas gmet data loaded
Gas gmet data saved externally

Gas nh data loaded
Gas nh data saved externally

T1_Aug Snapshot 152 DM raw data incomplete
Importing Snapshot 152 DM data
T1_Aug Snapshot 152 DM data loaded

Saving required DM snapshot data to external file

DM pos data loaded
DM pos data saved externally

DM Mass Parameters data loaded
DM Mass Parameters data saved externally

DM mass data calculated
DM mass data saved externally

T1_Aug Snapshot 152 Stars raw data incomplete
Importing Snapshot 152 Stars data
T1_Aug Snapshot 152 Stars data loaded

Saving required Stars snapshot data to external file

Stars pos data loaded
Stars pos data saved externally

Stars mass data loaded
Stars mass data saved externally

T1_Aug Snapshot 152 Raw Data Import Complete

Snapshot 152 mass raw data located

Snapshot 152 nh raw data located

Snapshot 152 gz raw data located

Directory for T1_Aug located

 Redshift file for T1_Aug located

Snapshot Number: 152
Snapshot Redshift: 4.0079451114652676

Snapshot 152 Gas raw data located

Snapshot 152 DM raw data located

Snapshot 152 Stars raw data located
Gas Relative Position Data Not Found, Generating
Gas Relative Position File Generated
DM Relative Position Data Not Found, Generating
DM Relative Position File Generated
Stars Relative Position Data Not Found, Generating
Stars Relative Position File Generated
Gas Radial Position Data Not Found, Generating
Gas Radial Position File Generated
DM Radial Position Data Not Found, Generating
DM Radial Position File Generated
Stars Radial Position Data Not Found, Generating
Stars Radial Position File Generated

gas spatial extent calculated

gas bin widths calculated

gas xy binned masses calculated

gas xy projected densities calculated

gas xz binned masses calculated

gas xz projected densities calculated

gas yz binned masses calculated

gas yz projected densities calculated

gas projected density file created

dm spatial extent calculated

dm bin widths calculated

dm xy binned masses calculated

dm xy projected densities calculated

dm xz binned masses calculated

dm xz projected densities calculated

dm yz binned masses calculated

dm yz projected densities calculated

dm projected density file created

stars spatial extent calculated

stars bin widths calculated

stars xy binned masses calculated

stars xy projected densities calculated

stars xz binned masses calculated

stars xz projected densities calculated

stars yz binned masses calculated

stars yz projected densities calculated

stars projected density file created

 Redshift file for T1_Aug located

Snapshot Number: 152
Snapshot Redshift: 4.0079451114652676

 Redshift file for T1_Aug located

Snapshot Number: 152
Snapshot Redshift: 4.0079451114652676

Spatial extent calculated

Bin widths calculated

 Redshift file for T1_Aug located

Snapshot Number: 152
Snapshot Redshift: 4.0079451114652676

 Redshift file for T1_Aug located

Snapshot Number: 152
Snapshot Redshift: 4.0079451114652676

 Redshift file for T1_Aug located

Snapshot Number: 152
Snapshot Redshift: 4.0079451114652676

Directory for T1_Aug located

 Redshift file for T1_Aug located

Snapshot Number: 153
Snapshot Redshift: 3.344350865135782

Snapshot 153 gmet Raw Data Incomplete
Using default directory: /cosma8/data/dp004/lyra/original_sample/

Directory for T1_Aug located
T1_Aug Redshift File Located

Snapshot Number 153 Provided

 Redshift file for T1_Aug located

Snapshot Number: 153
Snapshot Redshift: 3.344350865135782

No Directory Detected for T1_Aug Snapshot 153
T1_Aug Snapshot 153 Directory Created

No T1_Aug Snapshot 153 subfind directory detected
Subfind directory for T1_Aug Snapshot 153 created

Importing T1_Aug Snapshot 153 Subfind Data
Subfind Data imported

No Subfind FoF Data Located\Loading subfind data for T1_Aug from Snapshot 153
Subfind FoF position data saved
Subfind FoF mass data saved
Subfind Halo Parameters Saved

 Redshift file for T1_Aug located

Snapshot Number: 153
Snapshot Redshift: 3.344350865135782

Subfind Position Data Imported
Subfind Mass Data Imported

 Redshift file for T1_Aug located

Snapshot Number: 153
Snapshot Redshift: 3.344350865135782

No T1_Aug raw Snapshot 153 data directory detected
Directory for T1_Aug raw Snapshot 153 data created

T1_Aug Snapshot 153 Gas raw data incomplete
Importing Snapshot 153 Gas data
T1_Aug Snapshot 153 Gas data loaded

Saving required Gas snapshot data to external file

Gas pos data loaded
Gas pos data saved externally

Gas mass data loaded
Gas mass data saved externally

Gas gz data loaded
Gas gz data saved externally

Gas gmet data loaded
Gas gmet data saved externally

Gas nh data loaded
Gas nh data saved externally

T1_Aug Snapshot 153 DM raw data incomplete
Importing Snapshot 153 DM data
T1_Aug Snapshot 153 DM data loaded

Saving required DM snapshot data to external file

DM pos data loaded
DM pos data saved externally

DM Mass Parameters data loaded
DM Mass Parameters data saved externally

DM mass data calculated
DM mass data saved externally

T1_Aug Snapshot 153 Stars raw data incomplete
Importing Snapshot 153 Stars data
T1_Aug Snapshot 153 Stars data loaded

Saving required Stars snapshot data to external file

Stars pos data loaded
Stars pos data saved externally

Stars mass data loaded
Stars mass data saved externally

T1_Aug Snapshot 153 Raw Data Import Complete

Snapshot 153 mass raw data located

Snapshot 153 nh raw data located

Snapshot 153 gz raw data located

Directory for T1_Aug located

 Redshift file for T1_Aug located

Snapshot Number: 153
Snapshot Redshift: 3.344350865135782

Snapshot 153 Gas raw data located

Snapshot 153 DM raw data located

Snapshot 153 Stars raw data located
Gas Relative Position Data Not Found, Generating
Gas Relative Position File Generated
DM Relative Position Data Not Found, Generating
DM Relative Position File Generated
Stars Relative Position Data Not Found, Generating
Stars Relative Position File Generated
Gas Radial Position Data Not Found, Generating
Gas Radial Position File Generated
DM Radial Position Data Not Found, Generating
DM Radial Position File Generated
Stars Radial Position Data Not Found, Generating
Stars Radial Position File Generated

gas spatial extent calculated

gas bin widths calculated

gas xy binned masses calculated

gas xy projected densities calculated

gas xz binned masses calculated

gas xz projected densities calculated

gas yz binned masses calculated

gas yz projected densities calculated

gas projected density file created

dm spatial extent calculated

dm bin widths calculated

dm xy binned masses calculated

dm xy projected densities calculated

dm xz binned masses calculated

dm xz projected densities calculated

dm yz binned masses calculated

dm yz projected densities calculated

dm projected density file created

stars spatial extent calculated

stars bin widths calculated

stars xy binned masses calculated

stars xy projected densities calculated

stars xz binned masses calculated

stars xz projected densities calculated

stars yz binned masses calculated

stars yz projected densities calculated

stars projected density file created

 Redshift file for T1_Aug located

Snapshot Number: 153
Snapshot Redshift: 3.344350865135782

 Redshift file for T1_Aug located

Snapshot Number: 153
Snapshot Redshift: 3.344350865135782

Spatial extent calculated

Bin widths calculated

 Redshift file for T1_Aug located

Snapshot Number: 153
Snapshot Redshift: 3.344350865135782

 Redshift file for T1_Aug located

Snapshot Number: 153
Snapshot Redshift: 3.344350865135782

 Redshift file for T1_Aug located

Snapshot Number: 153
Snapshot Redshift: 3.344350865135782

Directory for T1_Aug located

 Redshift file for T1_Aug located

Snapshot Number: 154
Snapshot Redshift: 2.859040507202043

Snapshot 154 gmet Raw Data Incomplete
Using default directory: /cosma8/data/dp004/lyra/original_sample/

Directory for T1_Aug located
T1_Aug Redshift File Located

Snapshot Number 154 Provided

 Redshift file for T1_Aug located

Snapshot Number: 154
Snapshot Redshift: 2.859040507202043

No Directory Detected for T1_Aug Snapshot 154
T1_Aug Snapshot 154 Directory Created

No T1_Aug Snapshot 154 subfind directory detected
Subfind directory for T1_Aug Snapshot 154 created

Importing T1_Aug Snapshot 154 Subfind Data
Subfind Data imported

No Subfind FoF Data Located\Loading subfind data for T1_Aug from Snapshot 154
Subfind FoF position data saved
Subfind FoF mass data saved
Subfind Halo Parameters Saved

 Redshift file for T1_Aug located

Snapshot Number: 154
Snapshot Redshift: 2.859040507202043

Subfind Position Data Imported
Subfind Mass Data Imported

 Redshift file for T1_Aug located

Snapshot Number: 154
Snapshot Redshift: 2.859040507202043

No T1_Aug raw Snapshot 154 data directory detected
Directory for T1_Aug raw Snapshot 154 data created

T1_Aug Snapshot 154 Gas raw data incomplete
Importing Snapshot 154 Gas data
T1_Aug Snapshot 154 Gas data loaded

Saving required Gas snapshot data to external file

Gas pos data loaded
Gas pos data saved externally

Gas mass data loaded
Gas mass data saved externally

Gas gz data loaded
Gas gz data saved externally

Gas gmet data loaded
Gas gmet data saved externally

Gas nh data loaded
Gas nh data saved externally

T1_Aug Snapshot 154 DM raw data incomplete
Importing Snapshot 154 DM data
T1_Aug Snapshot 154 DM data loaded

Saving required DM snapshot data to external file

DM pos data loaded
DM pos data saved externally

DM Mass Parameters data loaded
DM Mass Parameters data saved externally

DM mass data calculated
DM mass data saved externally

T1_Aug Snapshot 154 Stars raw data incomplete
Importing Snapshot 154 Stars data
T1_Aug Snapshot 154 Stars data loaded

Saving required Stars snapshot data to external file

Stars pos data loaded
Stars pos data saved externally

Stars mass data loaded
Stars mass data saved externally

T1_Aug Snapshot 154 Raw Data Import Complete

Snapshot 154 mass raw data located

Snapshot 154 nh raw data located

Snapshot 154 gz raw data located

Directory for T1_Aug located

 Redshift file for T1_Aug located

Snapshot Number: 154
Snapshot Redshift: 2.859040507202043

Snapshot 154 Gas raw data located

Snapshot 154 DM raw data located

Snapshot 154 Stars raw data located
Gas Relative Position Data Not Found, Generating
Gas Relative Position File Generated
DM Relative Position Data Not Found, Generating
DM Relative Position File Generated
Stars Relative Position Data Not Found, Generating
Stars Relative Position File Generated
Gas Radial Position Data Not Found, Generating
Gas Radial Position File Generated
DM Radial Position Data Not Found, Generating
DM Radial Position File Generated
Stars Radial Position Data Not Found, Generating
Stars Radial Position File Generated

gas spatial extent calculated

gas bin widths calculated

gas xy binned masses calculated

gas xy projected densities calculated

gas xz binned masses calculated

gas xz projected densities calculated

gas yz binned masses calculated

gas yz projected densities calculated

gas projected density file created

dm spatial extent calculated

dm bin widths calculated

dm xy binned masses calculated

dm xy projected densities calculated

dm xz binned masses calculated

dm xz projected densities calculated

dm yz binned masses calculated

dm yz projected densities calculated

dm projected density file created

stars spatial extent calculated

stars bin widths calculated

stars xy binned masses calculated

stars xy projected densities calculated

stars xz binned masses calculated

stars xz projected densities calculated

stars yz binned masses calculated

stars yz projected densities calculated

stars projected density file created

 Redshift file for T1_Aug located

Snapshot Number: 154
Snapshot Redshift: 2.859040507202043

 Redshift file for T1_Aug located

Snapshot Number: 154
Snapshot Redshift: 2.859040507202043

Spatial extent calculated

Bin widths calculated

 Redshift file for T1_Aug located

Snapshot Number: 154
Snapshot Redshift: 2.859040507202043

 Redshift file for T1_Aug located

Snapshot Number: 154
Snapshot Redshift: 2.859040507202043

 Redshift file for T1_Aug located

Snapshot Number: 154
Snapshot Redshift: 2.859040507202043

Directory for T1_Aug located

 Redshift file for T1_Aug located

Snapshot Number: 155
Snapshot Redshift: 2.493534772398338

Snapshot 155 gmet Raw Data Incomplete
Using default directory: /cosma8/data/dp004/lyra/original_sample/

Directory for T1_Aug located
T1_Aug Redshift File Located

Snapshot Number 155 Provided

 Redshift file for T1_Aug located

Snapshot Number: 155
Snapshot Redshift: 2.493534772398338

No Directory Detected for T1_Aug Snapshot 155
T1_Aug Snapshot 155 Directory Created

No T1_Aug Snapshot 155 subfind directory detected
Subfind directory for T1_Aug Snapshot 155 created

Importing T1_Aug Snapshot 155 Subfind Data
Subfind Data imported

No Subfind FoF Data Located\Loading subfind data for T1_Aug from Snapshot 155
Subfind FoF position data saved
Subfind FoF mass data saved
Subfind Halo Parameters Saved

 Redshift file for T1_Aug located

Snapshot Number: 155
Snapshot Redshift: 2.493534772398338

Subfind Position Data Imported
Subfind Mass Data Imported

 Redshift file for T1_Aug located

Snapshot Number: 155
Snapshot Redshift: 2.493534772398338

No T1_Aug raw Snapshot 155 data directory detected
Directory for T1_Aug raw Snapshot 155 data created

T1_Aug Snapshot 155 Gas raw data incomplete
Importing Snapshot 155 Gas data
T1_Aug Snapshot 155 Gas data loaded

Saving required Gas snapshot data to external file

Gas pos data loaded
Gas pos data saved externally

Gas mass data loaded
Gas mass data saved externally

Gas gz data loaded
Gas gz data saved externally

Gas gmet data loaded
Gas gmet data saved externally

Gas nh data loaded
Gas nh data saved externally

T1_Aug Snapshot 155 DM raw data incomplete
Importing Snapshot 155 DM data
T1_Aug Snapshot 155 DM data loaded

Saving required DM snapshot data to external file

DM pos data loaded
DM pos data saved externally

DM Mass Parameters data loaded
DM Mass Parameters data saved externally

DM mass data calculated
DM mass data saved externally

T1_Aug Snapshot 155 Stars raw data incomplete
Importing Snapshot 155 Stars data
T1_Aug Snapshot 155 Stars data loaded

Saving required Stars snapshot data to external file

Stars pos data loaded
Stars pos data saved externally

Stars mass data loaded
Stars mass data saved externally

T1_Aug Snapshot 155 Raw Data Import Complete

Snapshot 155 mass raw data located

Snapshot 155 nh raw data located

Snapshot 155 gz raw data located

Directory for T1_Aug located

 Redshift file for T1_Aug located

Snapshot Number: 155
Snapshot Redshift: 2.493534772398338

Snapshot 155 Gas raw data located

Snapshot 155 DM raw data located

Snapshot 155 Stars raw data located
Gas Relative Position Data Not Found, Generating
Gas Relative Position File Generated
DM Relative Position Data Not Found, Generating
DM Relative Position File Generated
Stars Relative Position Data Not Found, Generating
Stars Relative Position File Generated
Gas Radial Position Data Not Found, Generating
Gas Radial Position File Generated
DM Radial Position Data Not Found, Generating
DM Radial Position File Generated
Stars Radial Position Data Not Found, Generating
Stars Radial Position File Generated

gas spatial extent calculated

gas bin widths calculated

gas xy binned masses calculated

gas xy projected densities calculated

gas xz binned masses calculated

gas xz projected densities calculated

gas yz binned masses calculated

gas yz projected densities calculated

gas projected density file created

dm spatial extent calculated

dm bin widths calculated

dm xy binned masses calculated

dm xy projected densities calculated

dm xz binned masses calculated

dm xz projected densities calculated

dm yz binned masses calculated

dm yz projected densities calculated

dm projected density file created

stars spatial extent calculated

stars bin widths calculated

stars xy binned masses calculated

stars xy projected densities calculated

stars xz binned masses calculated

stars xz projected densities calculated

stars yz binned masses calculated

stars yz projected densities calculated

stars projected density file created

 Redshift file for T1_Aug located

Snapshot Number: 155
Snapshot Redshift: 2.493534772398338

 Redshift file for T1_Aug located

Snapshot Number: 155
Snapshot Redshift: 2.493534772398338

Spatial extent calculated

Bin widths calculated

 Redshift file for T1_Aug located

Snapshot Number: 155
Snapshot Redshift: 2.493534772398338

 Redshift file for T1_Aug located

Snapshot Number: 155
Snapshot Redshift: 2.493534772398338

 Redshift file for T1_Aug located

Snapshot Number: 155
Snapshot Redshift: 2.493534772398338

Directory for T1_Aug located

 Redshift file for T1_Aug located

Snapshot Number: 156
Snapshot Redshift: 2.207925472383703

Snapshot 156 gmet Raw Data Incomplete
Using default directory: /cosma8/data/dp004/lyra/original_sample/

Directory for T1_Aug located
T1_Aug Redshift File Located

Snapshot Number 156 Provided

 Redshift file for T1_Aug located

Snapshot Number: 156
Snapshot Redshift: 2.207925472383703

No Directory Detected for T1_Aug Snapshot 156
T1_Aug Snapshot 156 Directory Created

No T1_Aug Snapshot 156 subfind directory detected
Subfind directory for T1_Aug Snapshot 156 created

Importing T1_Aug Snapshot 156 Subfind Data
Subfind Data imported

No Subfind FoF Data Located\Loading subfind data for T1_Aug from Snapshot 156
Subfind FoF position data saved
Subfind FoF mass data saved
Subfind Halo Parameters Saved

 Redshift file for T1_Aug located

Snapshot Number: 156
Snapshot Redshift: 2.207925472383703

Subfind Position Data Imported
Subfind Mass Data Imported

 Redshift file for T1_Aug located

Snapshot Number: 156
Snapshot Redshift: 2.207925472383703

No T1_Aug raw Snapshot 156 data directory detected
Directory for T1_Aug raw Snapshot 156 data created

T1_Aug Snapshot 156 Gas raw data incomplete
Importing Snapshot 156 Gas data
T1_Aug Snapshot 156 Gas data loaded

Saving required Gas snapshot data to external file

Gas pos data loaded
Gas pos data saved externally

Gas mass data loaded
Gas mass data saved externally

Gas gz data loaded
Gas gz data saved externally

Gas gmet data loaded
Gas gmet data saved externally

Gas nh data loaded
Gas nh data saved externally

T1_Aug Snapshot 156 DM raw data incomplete
Importing Snapshot 156 DM data
T1_Aug Snapshot 156 DM data loaded

Saving required DM snapshot data to external file

DM pos data loaded
DM pos data saved externally

DM Mass Parameters data loaded
DM Mass Parameters data saved externally

DM mass data calculated
DM mass data saved externally

T1_Aug Snapshot 156 Stars raw data incomplete
Importing Snapshot 156 Stars data
T1_Aug Snapshot 156 Stars data loaded

Saving required Stars snapshot data to external file

Stars pos data loaded
Stars pos data saved externally

Stars mass data loaded
Stars mass data saved externally

T1_Aug Snapshot 156 Raw Data Import Complete

Snapshot 156 mass raw data located

Snapshot 156 nh raw data located

Snapshot 156 gz raw data located

Directory for T1_Aug located

 Redshift file for T1_Aug located

Snapshot Number: 156
Snapshot Redshift: 2.207925472383703

Snapshot 156 Gas raw data located

Snapshot 156 DM raw data located

Snapshot 156 Stars raw data located
Gas Relative Position Data Not Found, Generating
Gas Relative Position File Generated
DM Relative Position Data Not Found, Generating
DM Relative Position File Generated
Stars Relative Position Data Not Found, Generating
Stars Relative Position File Generated
Gas Radial Position Data Not Found, Generating
Gas Radial Position File Generated
DM Radial Position Data Not Found, Generating
DM Radial Position File Generated
Stars Radial Position Data Not Found, Generating
Stars Radial Position File Generated

gas spatial extent calculated

gas bin widths calculated

gas xy binned masses calculated

gas xy projected densities calculated

gas xz binned masses calculated

gas xz projected densities calculated

gas yz binned masses calculated

gas yz projected densities calculated

gas projected density file created

dm spatial extent calculated

dm bin widths calculated

dm xy binned masses calculated

dm xy projected densities calculated

dm xz binned masses calculated

dm xz projected densities calculated

dm yz binned masses calculated

dm yz projected densities calculated

dm projected density file created

stars spatial extent calculated

stars bin widths calculated

stars xy binned masses calculated

stars xy projected densities calculated

stars xz binned masses calculated

stars xz projected densities calculated

stars yz binned masses calculated

stars yz projected densities calculated

stars projected density file created

 Redshift file for T1_Aug located

Snapshot Number: 156
Snapshot Redshift: 2.207925472383703

 Redshift file for T1_Aug located

Snapshot Number: 156
Snapshot Redshift: 2.207925472383703

Spatial extent calculated

Bin widths calculated

 Redshift file for T1_Aug located

Snapshot Number: 156
Snapshot Redshift: 2.207925472383703

 Redshift file for T1_Aug located

Snapshot Number: 156
Snapshot Redshift: 2.207925472383703

 Redshift file for T1_Aug located

Snapshot Number: 156
Snapshot Redshift: 2.207925472383703

Directory for T1_Aug located

 Redshift file for T1_Aug located

Snapshot Number: 157
Snapshot Redshift: 1.9596563814681223

Snapshot 157 gmet Raw Data Incomplete
Using default directory: /cosma8/data/dp004/lyra/original_sample/

Directory for T1_Aug located
T1_Aug Redshift File Located

Snapshot Number 157 Provided

 Redshift file for T1_Aug located

Snapshot Number: 157
Snapshot Redshift: 1.9596563814681223

No Directory Detected for T1_Aug Snapshot 157
T1_Aug Snapshot 157 Directory Created

No T1_Aug Snapshot 157 subfind directory detected
Subfind directory for T1_Aug Snapshot 157 created

Importing T1_Aug Snapshot 157 Subfind Data
Subfind Data imported

No Subfind FoF Data Located\Loading subfind data for T1_Aug from Snapshot 157
Subfind FoF position data saved
Subfind FoF mass data saved
Subfind Halo Parameters Saved

 Redshift file for T1_Aug located

Snapshot Number: 157
Snapshot Redshift: 1.9596563814681223

Subfind Position Data Imported
Subfind Mass Data Imported

 Redshift file for T1_Aug located

Snapshot Number: 157
Snapshot Redshift: 1.9596563814681223

No T1_Aug raw Snapshot 157 data directory detected
Directory for T1_Aug raw Snapshot 157 data created

T1_Aug Snapshot 157 Gas raw data incomplete
Importing Snapshot 157 Gas data
T1_Aug Snapshot 157 Gas data loaded

Saving required Gas snapshot data to external file

Gas pos data loaded
Gas pos data saved externally

Gas mass data loaded
Gas mass data saved externally

Gas gz data loaded
Gas gz data saved externally

Gas gmet data loaded
Gas gmet data saved externally

Gas nh data loaded
Gas nh data saved externally

T1_Aug Snapshot 157 DM raw data incomplete
Importing Snapshot 157 DM data
T1_Aug Snapshot 157 DM data loaded

Saving required DM snapshot data to external file

DM pos data loaded
DM pos data saved externally

DM Mass Parameters data loaded
DM Mass Parameters data saved externally

DM mass data calculated
DM mass data saved externally

T1_Aug Snapshot 157 Stars raw data incomplete
Importing Snapshot 157 Stars data
T1_Aug Snapshot 157 Stars data loaded

Saving required Stars snapshot data to external file

Stars pos data loaded
Stars pos data saved externally

Stars mass data loaded
Stars mass data saved externally

T1_Aug Snapshot 157 Raw Data Import Complete

Snapshot 157 mass raw data located

Snapshot 157 nh raw data located

Snapshot 157 gz raw data located

Directory for T1_Aug located

 Redshift file for T1_Aug located

Snapshot Number: 157
Snapshot Redshift: 1.9596563814681223

Snapshot 157 Gas raw data located

Snapshot 157 DM raw data located

Snapshot 157 Stars raw data located
Gas Relative Position Data Not Found, Generating
Gas Relative Position File Generated
DM Relative Position Data Not Found, Generating
DM Relative Position File Generated
Stars Relative Position Data Not Found, Generating
Stars Relative Position File Generated
Gas Radial Position Data Not Found, Generating
Gas Radial Position File Generated
DM Radial Position Data Not Found, Generating
DM Radial Position File Generated
Stars Radial Position Data Not Found, Generating
Stars Radial Position File Generated

gas spatial extent calculated

gas bin widths calculated

gas xy binned masses calculated

gas xy projected densities calculated

gas xz binned masses calculated

gas xz projected densities calculated

gas yz binned masses calculated

gas yz projected densities calculated

gas projected density file created

dm spatial extent calculated

dm bin widths calculated

dm xy binned masses calculated

dm xy projected densities calculated

dm xz binned masses calculated

dm xz projected densities calculated

dm yz binned masses calculated

dm yz projected densities calculated

dm projected density file created

stars spatial extent calculated

stars bin widths calculated

stars xy binned masses calculated

stars xy projected densities calculated

stars xz binned masses calculated

stars xz projected densities calculated

stars yz binned masses calculated

stars yz projected densities calculated

stars projected density file created

 Redshift file for T1_Aug located

Snapshot Number: 157
Snapshot Redshift: 1.9596563814681223

 Redshift file for T1_Aug located

Snapshot Number: 157
Snapshot Redshift: 1.9596563814681223

Spatial extent calculated

Bin widths calculated

 Redshift file for T1_Aug located

Snapshot Number: 157
Snapshot Redshift: 1.9596563814681223

 Redshift file for T1_Aug located

Snapshot Number: 157
Snapshot Redshift: 1.9596563814681223

 Redshift file for T1_Aug located

Snapshot Number: 157
Snapshot Redshift: 1.9596563814681223

Directory for T1_Aug located

 Redshift file for T1_Aug located

Snapshot Number: 158
Snapshot Redshift: 1.769693939642695

Snapshot 158 gmet Raw Data Incomplete
Using default directory: /cosma8/data/dp004/lyra/original_sample/

Directory for T1_Aug located
T1_Aug Redshift File Located

Snapshot Number 158 Provided

 Redshift file for T1_Aug located

Snapshot Number: 158
Snapshot Redshift: 1.769693939642695

No Directory Detected for T1_Aug Snapshot 158
T1_Aug Snapshot 158 Directory Created

No T1_Aug Snapshot 158 subfind directory detected
Subfind directory for T1_Aug Snapshot 158 created

Importing T1_Aug Snapshot 158 Subfind Data
Subfind Data imported

No Subfind FoF Data Located\Loading subfind data for T1_Aug from Snapshot 158
Subfind FoF position data saved
Subfind FoF mass data saved
Subfind Halo Parameters Saved

 Redshift file for T1_Aug located

Snapshot Number: 158
Snapshot Redshift: 1.769693939642695

Subfind Position Data Imported
Subfind Mass Data Imported

 Redshift file for T1_Aug located

Snapshot Number: 158
Snapshot Redshift: 1.769693939642695

No T1_Aug raw Snapshot 158 data directory detected
Directory for T1_Aug raw Snapshot 158 data created

T1_Aug Snapshot 158 Gas raw data incomplete
Importing Snapshot 158 Gas data
T1_Aug Snapshot 158 Gas data loaded

Saving required Gas snapshot data to external file

Gas pos data loaded
Gas pos data saved externally

Gas mass data loaded
Gas mass data saved externally

Gas gz data loaded
Gas gz data saved externally

Gas gmet data loaded
Gas gmet data saved externally

Gas nh data loaded
Gas nh data saved externally

T1_Aug Snapshot 158 DM raw data incomplete
Importing Snapshot 158 DM data
T1_Aug Snapshot 158 DM data loaded

Saving required DM snapshot data to external file

DM pos data loaded
DM pos data saved externally

DM Mass Parameters data loaded
DM Mass Parameters data saved externally

DM mass data calculated
DM mass data saved externally

T1_Aug Snapshot 158 Stars raw data incomplete
Importing Snapshot 158 Stars data
T1_Aug Snapshot 158 Stars data loaded

Saving required Stars snapshot data to external file

Stars pos data loaded
Stars pos data saved externally

Stars mass data loaded
Stars mass data saved externally

T1_Aug Snapshot 158 Raw Data Import Complete

Snapshot 158 mass raw data located

Snapshot 158 nh raw data located

Snapshot 158 gz raw data located

Directory for T1_Aug located

 Redshift file for T1_Aug located

Snapshot Number: 158
Snapshot Redshift: 1.769693939642695

Snapshot 158 Gas raw data located

Snapshot 158 DM raw data located

Snapshot 158 Stars raw data located
Gas Relative Position Data Not Found, Generating
Gas Relative Position File Generated
DM Relative Position Data Not Found, Generating
DM Relative Position File Generated
Stars Relative Position Data Not Found, Generating
Stars Relative Position File Generated
Gas Radial Position Data Not Found, Generating
Gas Radial Position File Generated
DM Radial Position Data Not Found, Generating
DM Radial Position File Generated
Stars Radial Position Data Not Found, Generating
Stars Radial Position File Generated

gas spatial extent calculated

gas bin widths calculated

gas xy binned masses calculated

gas xy projected densities calculated

gas xz binned masses calculated

gas xz projected densities calculated

gas yz binned masses calculated

gas yz projected densities calculated

gas projected density file created

dm spatial extent calculated

dm bin widths calculated

dm xy binned masses calculated

dm xy projected densities calculated

dm xz binned masses calculated

dm xz projected densities calculated

dm yz binned masses calculated

dm yz projected densities calculated

dm projected density file created

stars spatial extent calculated

stars bin widths calculated

stars xy binned masses calculated

stars xy projected densities calculated

stars xz binned masses calculated

stars xz projected densities calculated

stars yz binned masses calculated

stars yz projected densities calculated

stars projected density file created

 Redshift file for T1_Aug located

Snapshot Number: 158
Snapshot Redshift: 1.769693939642695

 Redshift file for T1_Aug located

Snapshot Number: 158
Snapshot Redshift: 1.769693939642695

Spatial extent calculated

Bin widths calculated

 Redshift file for T1_Aug located

Snapshot Number: 158
Snapshot Redshift: 1.769693939642695

 Redshift file for T1_Aug located

Snapshot Number: 158
Snapshot Redshift: 1.769693939642695

 Redshift file for T1_Aug located

Snapshot Number: 158
Snapshot Redshift: 1.769693939642695

Directory for T1_Aug located

 Redshift file for T1_Aug located

Snapshot Number: 159
Snapshot Redshift: 1.5919240379818054

Snapshot 159 gmet Raw Data Incomplete
Using default directory: /cosma8/data/dp004/lyra/original_sample/

Directory for T1_Aug located
T1_Aug Redshift File Located

Snapshot Number 159 Provided
/cosma/home/durham/dc-coll7/masters/plot_generation.py:171: RuntimeWarning: divide by zero encountered in log10
  imshows=[ax_masshist[row_index][planes[plane]['index']].imshow(np.log10(loaded_data[plane]),extent=plot_extents[plane],vmin=vmin,vmax=vmax,cmap=type_plot_info[matter_type]['cmap'],aspect='equal') for plane in planes]
/cosma/home/durham/dc-coll7/masters/plot_generation.py:280: RuntimeWarning: divide by zero encountered in log10
  imshows=[ax_gashist[row_index][planes[plane]['index']].imshow(np.log10(loaded_data[plane]),extent=plot_extents[plane],vmin=vmin,vmax=vmax,cmap=dens_plot_info[density]['cmap'],aspect='equal') for plane in planes]
/cosma/home/durham/dc-coll7/masters/data_handling.py:504: RuntimeWarning: invalid value encountered in divide
  weighted_mean_metallicity=np.divide(weighted_metallicity,bin_masses)
/cosma/home/durham/dc-coll7/masters/data_handling.py:529: RuntimeWarning: divide by zero encountered in log10
  masks={'DLA':np.log10(nH_col) >20.3,'subDLA': (20.3>np.log10(nH_col)) & (np.log10(nH_col) >19),'LymanLimit': (19>np.log10(nH_col)) & (np.log10(nH_col) >17.2)}
/cosma/home/durham/dc-coll7/masters/plot_generation.py:438: UserWarning: Attempt to set non-positive ylim on a log-scaled axis will be ignored.
  plt.ylim([0,np.float64(10**5)])
/cosma/home/durham/dc-coll7/masters/plot_generation.py:464: UserWarning: Attempt to set non-positive xlim on a log-scaled axis will be ignored.
  ax_gzhist.set_xlim([0,np.float64(3*10**4)])
/cosma/home/durham/dc-coll7/masters/plot_generation.py:171: RuntimeWarning: divide by zero encountered in log10
  imshows=[ax_masshist[row_index][planes[plane]['index']].imshow(np.log10(loaded_data[plane]),extent=plot_extents[plane],vmin=vmin,vmax=vmax,cmap=type_plot_info[matter_type]['cmap'],aspect='equal') for plane in planes]
/cosma/home/durham/dc-coll7/masters/plot_generation.py:280: RuntimeWarning: divide by zero encountered in log10
  imshows=[ax_gashist[row_index][planes[plane]['index']].imshow(np.log10(loaded_data[plane]),extent=plot_extents[plane],vmin=vmin,vmax=vmax,cmap=dens_plot_info[density]['cmap'],aspect='equal') for plane in planes]
/cosma/home/durham/dc-coll7/masters/data_handling.py:504: RuntimeWarning: invalid value encountered in divide
  weighted_mean_metallicity=np.divide(weighted_metallicity,bin_masses)
/cosma/home/durham/dc-coll7/masters/data_handling.py:529: RuntimeWarning: divide by zero encountered in log10
  masks={'DLA':np.log10(nH_col) >20.3,'subDLA': (20.3>np.log10(nH_col)) & (np.log10(nH_col) >19),'LymanLimit': (19>np.log10(nH_col)) & (np.log10(nH_col) >17.2)}
/cosma/home/durham/dc-coll7/masters/plot_generation.py:438: UserWarning: Attempt to set non-positive ylim on a log-scaled axis will be ignored.
  plt.ylim([0,np.float64(10**5)])
/cosma/home/durham/dc-coll7/masters/plot_generation.py:464: UserWarning: Attempt to set non-positive xlim on a log-scaled axis will be ignored.
  ax_gzhist.set_xlim([0,np.float64(3*10**4)])
/cosma/home/durham/dc-coll7/masters/plot_generation.py:171: RuntimeWarning: divide by zero encountered in log10
  imshows=[ax_masshist[row_index][planes[plane]['index']].imshow(np.log10(loaded_data[plane]),extent=plot_extents[plane],vmin=vmin,vmax=vmax,cmap=type_plot_info[matter_type]['cmap'],aspect='equal') for plane in planes]
/cosma/home/durham/dc-coll7/masters/plot_generation.py:280: RuntimeWarning: divide by zero encountered in log10
  imshows=[ax_gashist[row_index][planes[plane]['index']].imshow(np.log10(loaded_data[plane]),extent=plot_extents[plane],vmin=vmin,vmax=vmax,cmap=dens_plot_info[density]['cmap'],aspect='equal') for plane in planes]
/cosma/home/durham/dc-coll7/masters/data_handling.py:504: RuntimeWarning: invalid value encountered in divide
  weighted_mean_metallicity=np.divide(weighted_metallicity,bin_masses)
/cosma/home/durham/dc-coll7/masters/data_handling.py:529: RuntimeWarning: divide by zero encountered in log10
  masks={'DLA':np.log10(nH_col) >20.3,'subDLA': (20.3>np.log10(nH_col)) & (np.log10(nH_col) >19),'LymanLimit': (19>np.log10(nH_col)) & (np.log10(nH_col) >17.2)}
/cosma/home/durham/dc-coll7/masters/plot_generation.py:438: UserWarning: Attempt to set non-positive ylim on a log-scaled axis will be ignored.
  plt.ylim([0,np.float64(10**5)])
/cosma/home/durham/dc-coll7/masters/plot_generation.py:464: UserWarning: Attempt to set non-positive xlim on a log-scaled axis will be ignored.
  ax_gzhist.set_xlim([0,np.float64(3*10**4)])
/cosma/home/durham/dc-coll7/masters/plot_generation.py:171: RuntimeWarning: divide by zero encountered in log10
  imshows=[ax_masshist[row_index][planes[plane]['index']].imshow(np.log10(loaded_data[plane]),extent=plot_extents[plane],vmin=vmin,vmax=vmax,cmap=type_plot_info[matter_type]['cmap'],aspect='equal') for plane in planes]
/cosma/home/durham/dc-coll7/masters/plot_generation.py:280: RuntimeWarning: divide by zero encountered in log10
  imshows=[ax_gashist[row_index][planes[plane]['index']].imshow(np.log10(loaded_data[plane]),extent=plot_extents[plane],vmin=vmin,vmax=vmax,cmap=dens_plot_info[density]['cmap'],aspect='equal') for plane in planes]
/cosma/home/durham/dc-coll7/masters/data_handling.py:504: RuntimeWarning: invalid value encountered in divide
  weighted_mean_metallicity=np.divide(weighted_metallicity,bin_masses)
/cosma/home/durham/dc-coll7/masters/data_handling.py:529: RuntimeWarning: divide by zero encountered in log10
  masks={'DLA':np.log10(nH_col) >20.3,'subDLA': (20.3>np.log10(nH_col)) & (np.log10(nH_col) >19),'LymanLimit': (19>np.log10(nH_col)) & (np.log10(nH_col) >17.2)}
/cosma/home/durham/dc-coll7/masters/plot_generation.py:438: UserWarning: Attempt to set non-positive ylim on a log-scaled axis will be ignored.
  plt.ylim([0,np.float64(10**5)])
/cosma/home/durham/dc-coll7/masters/plot_generation.py:464: UserWarning: Attempt to set non-positive xlim on a log-scaled axis will be ignored.
  ax_gzhist.set_xlim([0,np.float64(3*10**4)])
/cosma/home/durham/dc-coll7/masters/plot_generation.py:171: RuntimeWarning: divide by zero encountered in log10
  imshows=[ax_masshist[row_index][planes[plane]['index']].imshow(np.log10(loaded_data[plane]),extent=plot_extents[plane],vmin=vmin,vmax=vmax,cmap=type_plot_info[matter_type]['cmap'],aspect='equal') for plane in planes]
/cosma/home/durham/dc-coll7/masters/plot_generation.py:280: RuntimeWarning: divide by zero encountered in log10
  imshows=[ax_gashist[row_index][planes[plane]['index']].imshow(np.log10(loaded_data[plane]),extent=plot_extents[plane],vmin=vmin,vmax=vmax,cmap=dens_plot_info[density]['cmap'],aspect='equal') for plane in planes]
/cosma/home/durham/dc-coll7/masters/data_handling.py:504: RuntimeWarning: invalid value encountered in divide
  weighted_mean_metallicity=np.divide(weighted_metallicity,bin_masses)
/cosma/home/durham/dc-coll7/masters/data_handling.py:529: RuntimeWarning: divide by zero encountered in log10
  masks={'DLA':np.log10(nH_col) >20.3,'subDLA': (20.3>np.log10(nH_col)) & (np.log10(nH_col) >19),'LymanLimit': (19>np.log10(nH_col)) & (np.log10(nH_col) >17.2)}
/cosma/home/durham/dc-coll7/masters/plot_generation.py:438: UserWarning: Attempt to set non-positive ylim on a log-scaled axis will be ignored.
  plt.ylim([0,np.float64(10**5)])
/cosma/home/durham/dc-coll7/masters/plot_generation.py:464: UserWarning: Attempt to set non-positive xlim on a log-scaled axis will be ignored.
  ax_gzhist.set_xlim([0,np.float64(3*10**4)])

 Redshift file for T1_Aug located

Snapshot Number: 159
Snapshot Redshift: 1.5919240379818054

No Directory Detected for T1_Aug Snapshot 159
T1_Aug Snapshot 159 Directory Created

No T1_Aug Snapshot 159 subfind directory detected
Subfind directory for T1_Aug Snapshot 159 created

Importing T1_Aug Snapshot 159 Subfind Data
Subfind Data imported

No Subfind FoF Data Located\Loading subfind data for T1_Aug from Snapshot 159
Subfind FoF position data saved
Subfind FoF mass data saved
Subfind Halo Parameters Saved

 Redshift file for T1_Aug located

Snapshot Number: 159
Snapshot Redshift: 1.5919240379818054

Subfind Position Data Imported
Subfind Mass Data Imported

 Redshift file for T1_Aug located

Snapshot Number: 159
Snapshot Redshift: 1.5919240379818054

No T1_Aug raw Snapshot 159 data directory detected
Directory for T1_Aug raw Snapshot 159 data created

T1_Aug Snapshot 159 Gas raw data incomplete
Importing Snapshot 159 Gas data
T1_Aug Snapshot 159 Gas data loaded

Saving required Gas snapshot data to external file

Gas pos data loaded
Gas pos data saved externally

Gas mass data loaded
Gas mass data saved externally

Gas gz data loaded
Gas gz data saved externally

Gas gmet data loaded
Gas gmet data saved externally

Gas nh data loaded
Gas nh data saved externally

T1_Aug Snapshot 159 DM raw data incomplete
Importing Snapshot 159 DM data
T1_Aug Snapshot 159 DM data loaded

Saving required DM snapshot data to external file

DM pos data loaded
DM pos data saved externally

DM Mass Parameters data loaded
DM Mass Parameters data saved externally

DM mass data calculated
DM mass data saved externally

T1_Aug Snapshot 159 Stars raw data incomplete
Importing Snapshot 159 Stars data
T1_Aug Snapshot 159 Stars data loaded

Saving required Stars snapshot data to external file

Stars pos data loaded
Stars pos data saved externally

Stars mass data loaded
Stars mass data saved externally

T1_Aug Snapshot 159 Raw Data Import Complete

Snapshot 159 mass raw data located

Snapshot 159 nh raw data located

Snapshot 159 gz raw data located

Directory for T1_Aug located

 Redshift file for T1_Aug located

Snapshot Number: 159
Snapshot Redshift: 1.5919240379818054

Snapshot 159 Gas raw data located

Snapshot 159 DM raw data located

Snapshot 159 Stars raw data located
Gas Relative Position Data Not Found, Generating
Gas Relative Position File Generated
DM Relative Position Data Not Found, Generating
DM Relative Position File Generated
Stars Relative Position Data Not Found, Generating
Stars Relative Position File Generated
Gas Radial Position Data Not Found, Generating
Gas Radial Position File Generated
DM Radial Position Data Not Found, Generating
DM Radial Position File Generated
Stars Radial Position Data Not Found, Generating
Stars Radial Position File Generated

gas spatial extent calculated

gas bin widths calculated

gas xy binned masses calculated

gas xy projected densities calculated

gas xz binned masses calculated

gas xz projected densities calculated

gas yz binned masses calculated

gas yz projected densities calculated

gas projected density file created

dm spatial extent calculated

dm bin widths calculated

dm xy binned masses calculated

dm xy projected densities calculated

dm xz binned masses calculated

dm xz projected densities calculated

dm yz binned masses calculated

dm yz projected densities calculated

dm projected density file created

stars spatial extent calculated

stars bin widths calculated

stars xy binned masses calculated

stars xy projected densities calculated

stars xz binned masses calculated

stars xz projected densities calculated

stars yz binned masses calculated

stars yz projected densities calculated

stars projected density file created

 Redshift file for T1_Aug located

Snapshot Number: 159
Snapshot Redshift: 1.5919240379818054

 Redshift file for T1_Aug located

Snapshot Number: 159
Snapshot Redshift: 1.5919240379818054

Spatial extent calculated

Bin widths calculated

 Redshift file for T1_Aug located

Snapshot Number: 159
Snapshot Redshift: 1.5919240379818054

 Redshift file for T1_Aug located

Snapshot Number: 159
Snapshot Redshift: 1.5919240379818054

 Redshift file for T1_Aug located

Snapshot Number: 159
Snapshot Redshift: 1.5919240379818054

Directory for T1_Aug located

 Redshift file for T1_Aug located

Snapshot Number: 160
Snapshot Redshift: 1.4486595247532112

Snapshot 160 gmet Raw Data Incomplete
Using default directory: /cosma8/data/dp004/lyra/original_sample/

Directory for T1_Aug located
T1_Aug Redshift File Located

Snapshot Number 160 Provided

 Redshift file for T1_Aug located

Snapshot Number: 160
Snapshot Redshift: 1.4486595247532112

No Directory Detected for T1_Aug Snapshot 160
T1_Aug Snapshot 160 Directory Created

No T1_Aug Snapshot 160 subfind directory detected
Subfind directory for T1_Aug Snapshot 160 created

Importing T1_Aug Snapshot 160 Subfind Data
Subfind Data imported

No Subfind FoF Data Located\Loading subfind data for T1_Aug from Snapshot 160
Subfind FoF position data saved
Subfind FoF mass data saved
Subfind Halo Parameters Saved

 Redshift file for T1_Aug located

Snapshot Number: 160
Snapshot Redshift: 1.4486595247532112

Subfind Position Data Imported
Subfind Mass Data Imported

 Redshift file for T1_Aug located

Snapshot Number: 160
Snapshot Redshift: 1.4486595247532112

No T1_Aug raw Snapshot 160 data directory detected
Directory for T1_Aug raw Snapshot 160 data created

T1_Aug Snapshot 160 Gas raw data incomplete
Importing Snapshot 160 Gas data
T1_Aug Snapshot 160 Gas data loaded

Saving required Gas snapshot data to external file

Gas pos data loaded
Gas pos data saved externally

Gas mass data loaded
Gas mass data saved externally

Gas gz data loaded
Gas gz data saved externally

Gas gmet data loaded
Gas gmet data saved externally

Gas nh data loaded
Gas nh data saved externally

T1_Aug Snapshot 160 DM raw data incomplete
Importing Snapshot 160 DM data
T1_Aug Snapshot 160 DM data loaded

Saving required DM snapshot data to external file

DM pos data loaded
DM pos data saved externally

DM Mass Parameters data loaded
DM Mass Parameters data saved externally

DM mass data calculated
DM mass data saved externally

T1_Aug Snapshot 160 Stars raw data incomplete
Importing Snapshot 160 Stars data
T1_Aug Snapshot 160 Stars data loaded

Saving required Stars snapshot data to external file

Stars pos data loaded
Stars pos data saved externally

Stars mass data loaded
Stars mass data saved externally

T1_Aug Snapshot 160 Raw Data Import Complete

Snapshot 160 mass raw data located

Snapshot 160 nh raw data located

Snapshot 160 gz raw data located

Directory for T1_Aug located

 Redshift file for T1_Aug located

Snapshot Number: 160
Snapshot Redshift: 1.4486595247532112

Snapshot 160 Gas raw data located

Snapshot 160 DM raw data located

Snapshot 160 Stars raw data located
Gas Relative Position Data Not Found, Generating
Gas Relative Position File Generated
DM Relative Position Data Not Found, Generating
DM Relative Position File Generated
Stars Relative Position Data Not Found, Generating
Stars Relative Position File Generated
Gas Radial Position Data Not Found, Generating
Gas Radial Position File Generated
DM Radial Position Data Not Found, Generating
DM Radial Position File Generated
Stars Radial Position Data Not Found, Generating
Stars Radial Position File Generated

gas spatial extent calculated

gas bin widths calculated

gas xy binned masses calculated

gas xy projected densities calculated

gas xz binned masses calculated

gas xz projected densities calculated

gas yz binned masses calculated

gas yz projected densities calculated

gas projected density file created

dm spatial extent calculated

dm bin widths calculated

dm xy binned masses calculated

dm xy projected densities calculated

dm xz binned masses calculated

dm xz projected densities calculated

dm yz binned masses calculated

dm yz projected densities calculated

dm projected density file created

stars spatial extent calculated

stars bin widths calculated

stars xy binned masses calculated

stars xy projected densities calculated

stars xz binned masses calculated

stars xz projected densities calculated

stars yz binned masses calculated

stars yz projected densities calculated

stars projected density file created

 Redshift file for T1_Aug located

Snapshot Number: 160
Snapshot Redshift: 1.4486595247532112

 Redshift file for T1_Aug located

Snapshot Number: 160
Snapshot Redshift: 1.4486595247532112

Spatial extent calculated

Bin widths calculated

 Redshift file for T1_Aug located

Snapshot Number: 160
Snapshot Redshift: 1.4486595247532112

 Redshift file for T1_Aug located

Snapshot Number: 160
Snapshot Redshift: 1.4486595247532112

 Redshift file for T1_Aug located

Snapshot Number: 160
Snapshot Redshift: 1.4486595247532112

Directory for T1_Aug located

 Redshift file for T1_Aug located

Snapshot Number: 161
Snapshot Redshift: 1.3133137315371863

Snapshot 161 gmet Raw Data Incomplete
Using default directory: /cosma8/data/dp004/lyra/original_sample/

Directory for T1_Aug located
T1_Aug Redshift File Located

Snapshot Number 161 Provided

 Redshift file for T1_Aug located

Snapshot Number: 161
Snapshot Redshift: 1.3133137315371863

No Directory Detected for T1_Aug Snapshot 161
T1_Aug Snapshot 161 Directory Created

No T1_Aug Snapshot 161 subfind directory detected
Subfind directory for T1_Aug Snapshot 161 created

Importing T1_Aug Snapshot 161 Subfind Data
Subfind Data imported

No Subfind FoF Data Located\Loading subfind data for T1_Aug from Snapshot 161
Subfind FoF position data saved
Subfind FoF mass data saved
Subfind Halo Parameters Saved

 Redshift file for T1_Aug located

Snapshot Number: 161
Snapshot Redshift: 1.3133137315371863

Subfind Position Data Imported
Subfind Mass Data Imported

 Redshift file for T1_Aug located

Snapshot Number: 161
Snapshot Redshift: 1.3133137315371863

No T1_Aug raw Snapshot 161 data directory detected
Directory for T1_Aug raw Snapshot 161 data created

T1_Aug Snapshot 161 Gas raw data incomplete
Importing Snapshot 161 Gas data
T1_Aug Snapshot 161 Gas data loaded

Saving required Gas snapshot data to external file

Gas pos data loaded
Gas pos data saved externally

Gas mass data loaded
Gas mass data saved externally

Gas gz data loaded
Gas gz data saved externally

Gas gmet data loaded
Gas gmet data saved externally

Gas nh data loaded
Gas nh data saved externally

T1_Aug Snapshot 161 DM raw data incomplete
Importing Snapshot 161 DM data
T1_Aug Snapshot 161 DM data loaded

Saving required DM snapshot data to external file

DM pos data loaded
DM pos data saved externally

DM Mass Parameters data loaded
DM Mass Parameters data saved externally

DM mass data calculated
DM mass data saved externally

T1_Aug Snapshot 161 Stars raw data incomplete
Importing Snapshot 161 Stars data
T1_Aug Snapshot 161 Stars data loaded

Saving required Stars snapshot data to external file

Stars pos data loaded
Stars pos data saved externally

Stars mass data loaded
Stars mass data saved externally

T1_Aug Snapshot 161 Raw Data Import Complete

Snapshot 161 mass raw data located

Snapshot 161 nh raw data located

Snapshot 161 gz raw data located

Directory for T1_Aug located

 Redshift file for T1_Aug located

Snapshot Number: 161
Snapshot Redshift: 1.3133137315371863

Snapshot 161 Gas raw data located

Snapshot 161 DM raw data located

Snapshot 161 Stars raw data located
Gas Relative Position Data Not Found, Generating
Gas Relative Position File Generated
DM Relative Position Data Not Found, Generating
DM Relative Position File Generated
Stars Relative Position Data Not Found, Generating
Stars Relative Position File Generated
Gas Radial Position Data Not Found, Generating
Gas Radial Position File Generated
DM Radial Position Data Not Found, Generating
DM Radial Position File Generated
Stars Radial Position Data Not Found, Generating
Stars Radial Position File Generated

gas spatial extent calculated

gas bin widths calculated

gas xy binned masses calculated

gas xy projected densities calculated

gas xz binned masses calculated

gas xz projected densities calculated

gas yz binned masses calculated

gas yz projected densities calculated

gas projected density file created

dm spatial extent calculated

dm bin widths calculated

dm xy binned masses calculated

dm xy projected densities calculated

dm xz binned masses calculated

dm xz projected densities calculated

dm yz binned masses calculated

dm yz projected densities calculated

dm projected density file created

stars spatial extent calculated

stars bin widths calculated

stars xy binned masses calculated

stars xy projected densities calculated

stars xz binned masses calculated

stars xz projected densities calculated

stars yz binned masses calculated

stars yz projected densities calculated

stars projected density file created

 Redshift file for T1_Aug located

Snapshot Number: 161
Snapshot Redshift: 1.3133137315371863

 Redshift file for T1_Aug located

Snapshot Number: 161
Snapshot Redshift: 1.3133137315371863

Spatial extent calculated

Bin widths calculated

 Redshift file for T1_Aug located

Snapshot Number: 161
Snapshot Redshift: 1.3133137315371863

 Redshift file for T1_Aug located

Snapshot Number: 161
Snapshot Redshift: 1.3133137315371863

 Redshift file for T1_Aug located

Snapshot Number: 161
Snapshot Redshift: 1.3133137315371863

Directory for T1_Aug located

 Redshift file for T1_Aug located

Snapshot Number: 162
Snapshot Redshift: 1.1958288722076

Snapshot 162 gmet Raw Data Incomplete
Using default directory: /cosma8/data/dp004/lyra/original_sample/

Directory for T1_Aug located
T1_Aug Redshift File Located

Snapshot Number 162 Provided

 Redshift file for T1_Aug located

Snapshot Number: 162
Snapshot Redshift: 1.1958288722076

No Directory Detected for T1_Aug Snapshot 162
T1_Aug Snapshot 162 Directory Created

No T1_Aug Snapshot 162 subfind directory detected
Subfind directory for T1_Aug Snapshot 162 created

Importing T1_Aug Snapshot 162 Subfind Data
Subfind Data imported

No Subfind FoF Data Located\Loading subfind data for T1_Aug from Snapshot 162
Subfind FoF position data saved
Subfind FoF mass data saved
Subfind Halo Parameters Saved

 Redshift file for T1_Aug located

Snapshot Number: 162
Snapshot Redshift: 1.1958288722076

Subfind Position Data Imported
Subfind Mass Data Imported

 Redshift file for T1_Aug located

Snapshot Number: 162
Snapshot Redshift: 1.1958288722076

No T1_Aug raw Snapshot 162 data directory detected
Directory for T1_Aug raw Snapshot 162 data created

T1_Aug Snapshot 162 Gas raw data incomplete
Importing Snapshot 162 Gas data
T1_Aug Snapshot 162 Gas data loaded

Saving required Gas snapshot data to external file

Gas pos data loaded
Gas pos data saved externally

Gas mass data loaded
Gas mass data saved externally

Gas gz data loaded
Gas gz data saved externally

Gas gmet data loaded
Gas gmet data saved externally

Gas nh data loaded
Gas nh data saved externally

T1_Aug Snapshot 162 DM raw data incomplete
Importing Snapshot 162 DM data
T1_Aug Snapshot 162 DM data loaded

Saving required DM snapshot data to external file

DM pos data loaded
DM pos data saved externally

DM Mass Parameters data loaded
DM Mass Parameters data saved externally

DM mass data calculated
DM mass data saved externally

T1_Aug Snapshot 162 Stars raw data incomplete
Importing Snapshot 162 Stars data
T1_Aug Snapshot 162 Stars data loaded

Saving required Stars snapshot data to external file

Stars pos data loaded
Stars pos data saved externally

Stars mass data loaded
Stars mass data saved externally

T1_Aug Snapshot 162 Raw Data Import Complete

Snapshot 162 mass raw data located

Snapshot 162 nh raw data located

Snapshot 162 gz raw data located

Directory for T1_Aug located

 Redshift file for T1_Aug located

Snapshot Number: 162
Snapshot Redshift: 1.1958288722076

Snapshot 162 Gas raw data located

Snapshot 162 DM raw data located

Snapshot 162 Stars raw data located
Gas Relative Position Data Not Found, Generating
Gas Relative Position File Generated
DM Relative Position Data Not Found, Generating
DM Relative Position File Generated
Stars Relative Position Data Not Found, Generating
Stars Relative Position File Generated
Gas Radial Position Data Not Found, Generating
Gas Radial Position File Generated
DM Radial Position Data Not Found, Generating
DM Radial Position File Generated
Stars Radial Position Data Not Found, Generating
Stars Radial Position File Generated

gas spatial extent calculated

gas bin widths calculated

gas xy binned masses calculated

gas xy projected densities calculated

gas xz binned masses calculated

gas xz projected densities calculated

gas yz binned masses calculated

gas yz projected densities calculated

gas projected density file created

dm spatial extent calculated

dm bin widths calculated

dm xy binned masses calculated

dm xy projected densities calculated

dm xz binned masses calculated

dm xz projected densities calculated

dm yz binned masses calculated

dm yz projected densities calculated

dm projected density file created

stars spatial extent calculated

stars bin widths calculated

stars xy binned masses calculated

stars xy projected densities calculated

stars xz binned masses calculated

stars xz projected densities calculated

stars yz binned masses calculated

stars yz projected densities calculated

stars projected density file created

 Redshift file for T1_Aug located

Snapshot Number: 162
Snapshot Redshift: 1.1958288722076

 Redshift file for T1_Aug located

Snapshot Number: 162
Snapshot Redshift: 1.1958288722076

Spatial extent calculated

Bin widths calculated

 Redshift file for T1_Aug located

Snapshot Number: 162
Snapshot Redshift: 1.1958288722076

 Redshift file for T1_Aug located

Snapshot Number: 162
Snapshot Redshift: 1.1958288722076

 Redshift file for T1_Aug located

Snapshot Number: 162
Snapshot Redshift: 1.1958288722076

Directory for T1_Aug located

 Redshift file for T1_Aug located

Snapshot Number: 163
Snapshot Redshift: 1.0942101917585805

Snapshot 163 gmet Raw Data Incomplete
Using default directory: /cosma8/data/dp004/lyra/original_sample/

Directory for T1_Aug located
T1_Aug Redshift File Located

Snapshot Number 163 Provided

 Redshift file for T1_Aug located

Snapshot Number: 163
Snapshot Redshift: 1.0942101917585805

No Directory Detected for T1_Aug Snapshot 163
T1_Aug Snapshot 163 Directory Created

No T1_Aug Snapshot 163 subfind directory detected
Subfind directory for T1_Aug Snapshot 163 created

Importing T1_Aug Snapshot 163 Subfind Data
Subfind Data imported

No Subfind FoF Data Located\Loading subfind data for T1_Aug from Snapshot 163
Subfind FoF position data saved
Subfind FoF mass data saved
Subfind Halo Parameters Saved

 Redshift file for T1_Aug located

Snapshot Number: 163
Snapshot Redshift: 1.0942101917585805

Subfind Position Data Imported
Subfind Mass Data Imported

 Redshift file for T1_Aug located

Snapshot Number: 163
Snapshot Redshift: 1.0942101917585805

No T1_Aug raw Snapshot 163 data directory detected
Directory for T1_Aug raw Snapshot 163 data created

T1_Aug Snapshot 163 Gas raw data incomplete
Importing Snapshot 163 Gas data
T1_Aug Snapshot 163 Gas data loaded

Saving required Gas snapshot data to external file

Gas pos data loaded
Gas pos data saved externally

Gas mass data loaded
Gas mass data saved externally

Gas gz data loaded
Gas gz data saved externally

Gas gmet data loaded
Gas gmet data saved externally

Gas nh data loaded
Gas nh data saved externally

T1_Aug Snapshot 163 DM raw data incomplete
Importing Snapshot 163 DM data
T1_Aug Snapshot 163 DM data loaded

Saving required DM snapshot data to external file

DM pos data loaded
DM pos data saved externally

DM Mass Parameters data loaded
DM Mass Parameters data saved externally

DM mass data calculated
DM mass data saved externally

T1_Aug Snapshot 163 Stars raw data incomplete
Importing Snapshot 163 Stars data
T1_Aug Snapshot 163 Stars data loaded

Saving required Stars snapshot data to external file

Stars pos data loaded
Stars pos data saved externally

Stars mass data loaded
Stars mass data saved externally

T1_Aug Snapshot 163 Raw Data Import Complete

Snapshot 163 mass raw data located

Snapshot 163 nh raw data located

Snapshot 163 gz raw data located

Directory for T1_Aug located

 Redshift file for T1_Aug located

Snapshot Number: 163
Snapshot Redshift: 1.0942101917585805

Snapshot 163 Gas raw data located

Snapshot 163 DM raw data located

Snapshot 163 Stars raw data located
Gas Relative Position Data Not Found, Generating
Gas Relative Position File Generated
DM Relative Position Data Not Found, Generating
DM Relative Position File Generated
Stars Relative Position Data Not Found, Generating
Stars Relative Position File Generated
Gas Radial Position Data Not Found, Generating
Gas Radial Position File Generated
DM Radial Position Data Not Found, Generating
DM Radial Position File Generated
Stars Radial Position Data Not Found, Generating
Stars Radial Position File Generated

gas spatial extent calculated

gas bin widths calculated

gas xy binned masses calculated

gas xy projected densities calculated

gas xz binned masses calculated

gas xz projected densities calculated

gas yz binned masses calculated

gas yz projected densities calculated

gas projected density file created

dm spatial extent calculated

dm bin widths calculated

dm xy binned masses calculated

dm xy projected densities calculated

dm xz binned masses calculated

dm xz projected densities calculated

dm yz binned masses calculated

dm yz projected densities calculated

dm projected density file created

stars spatial extent calculated

stars bin widths calculated

stars xy binned masses calculated

stars xy projected densities calculated

stars xz binned masses calculated

stars xz projected densities calculated

stars yz binned masses calculated

stars yz projected densities calculated

stars projected density file created

 Redshift file for T1_Aug located

Snapshot Number: 163
Snapshot Redshift: 1.0942101917585805

 Redshift file for T1_Aug located

Snapshot Number: 163
Snapshot Redshift: 1.0942101917585805

Spatial extent calculated

Bin widths calculated

 Redshift file for T1_Aug located

Snapshot Number: 163
Snapshot Redshift: 1.0942101917585805

 Redshift file for T1_Aug located

Snapshot Number: 163
Snapshot Redshift: 1.0942101917585805

 Redshift file for T1_Aug located

Snapshot Number: 163
Snapshot Redshift: 1.0942101917585805

Directory for T1_Aug located

 Redshift file for T1_Aug located

Snapshot Number: 164
Snapshot Redshift: 0.9972942257819404

Snapshot 164 gmet Raw Data Incomplete
Using default directory: /cosma8/data/dp004/lyra/original_sample/

Directory for T1_Aug located
T1_Aug Redshift File Located

Snapshot Number 164 Provided

 Redshift file for T1_Aug located

Snapshot Number: 164
Snapshot Redshift: 0.9972942257819404

No Directory Detected for T1_Aug Snapshot 164
T1_Aug Snapshot 164 Directory Created

No T1_Aug Snapshot 164 subfind directory detected
Subfind directory for T1_Aug Snapshot 164 created

Importing T1_Aug Snapshot 164 Subfind Data
Subfind Data imported

No Subfind FoF Data Located\Loading subfind data for T1_Aug from Snapshot 164
Subfind FoF position data saved
Subfind FoF mass data saved
Subfind Halo Parameters Saved

 Redshift file for T1_Aug located

Snapshot Number: 164
Snapshot Redshift: 0.9972942257819404

Subfind Position Data Imported
Subfind Mass Data Imported

 Redshift file for T1_Aug located

Snapshot Number: 164
Snapshot Redshift: 0.9972942257819404

No T1_Aug raw Snapshot 164 data directory detected
Directory for T1_Aug raw Snapshot 164 data created

T1_Aug Snapshot 164 Gas raw data incomplete
Importing Snapshot 164 Gas data
T1_Aug Snapshot 164 Gas data loaded

Saving required Gas snapshot data to external file

Gas pos data loaded
Gas pos data saved externally

Gas mass data loaded
Gas mass data saved externally

Gas gz data loaded
Gas gz data saved externally

Gas gmet data loaded
Gas gmet data saved externally

Gas nh data loaded
Gas nh data saved externally

T1_Aug Snapshot 164 DM raw data incomplete
Importing Snapshot 164 DM data
T1_Aug Snapshot 164 DM data loaded

Saving required DM snapshot data to external file

DM pos data loaded
DM pos data saved externally

DM Mass Parameters data loaded
DM Mass Parameters data saved externally

DM mass data calculated
DM mass data saved externally

T1_Aug Snapshot 164 Stars raw data incomplete
Importing Snapshot 164 Stars data
T1_Aug Snapshot 164 Stars data loaded

Saving required Stars snapshot data to external file

Stars pos data loaded
Stars pos data saved externally

Stars mass data loaded
Stars mass data saved externally

T1_Aug Snapshot 164 Raw Data Import Complete

Snapshot 164 mass raw data located

Snapshot 164 nh raw data located

Snapshot 164 gz raw data located

Directory for T1_Aug located

 Redshift file for T1_Aug located

Snapshot Number: 164
Snapshot Redshift: 0.9972942257819404

Snapshot 164 Gas raw data located

Snapshot 164 DM raw data located

Snapshot 164 Stars raw data located
Gas Relative Position Data Not Found, Generating
Gas Relative Position File Generated
DM Relative Position Data Not Found, Generating
DM Relative Position File Generated
Stars Relative Position Data Not Found, Generating
Stars Relative Position File Generated
Gas Radial Position Data Not Found, Generating
Gas Radial Position File Generated
DM Radial Position Data Not Found, Generating
DM Radial Position File Generated
Stars Radial Position Data Not Found, Generating
Stars Radial Position File Generated

gas spatial extent calculated

gas bin widths calculated

gas xy binned masses calculated

gas xy projected densities calculated

gas xz binned masses calculated

gas xz projected densities calculated

gas yz binned masses calculated

gas yz projected densities calculated

gas projected density file created

dm spatial extent calculated

dm bin widths calculated

dm xy binned masses calculated

dm xy projected densities calculated

dm xz binned masses calculated

dm xz projected densities calculated

dm yz binned masses calculated

dm yz projected densities calculated

dm projected density file created

stars spatial extent calculated

stars bin widths calculated

stars xy binned masses calculated

stars xy projected densities calculated

stars xz binned masses calculated

stars xz projected densities calculated

stars yz binned masses calculated

stars yz projected densities calculated

stars projected density file created

 Redshift file for T1_Aug located

Snapshot Number: 164
Snapshot Redshift: 0.9972942257819404

 Redshift file for T1_Aug located

Snapshot Number: 164
Snapshot Redshift: 0.9972942257819404

Spatial extent calculated

Bin widths calculated

 Redshift file for T1_Aug located

Snapshot Number: 164
Snapshot Redshift: 0.9972942257819404

 Redshift file for T1_Aug located

Snapshot Number: 164
Snapshot Redshift: 0.9972942257819404

 Redshift file for T1_Aug located

Snapshot Number: 164
Snapshot Redshift: 0.9972942257819404
Traceback (most recent call last):
  File "/cosma/home/durham/dc-coll7/masters/run_full_dataset.py", line 1, in <module>
    from imports import *
  File "/cosma/home/durham/dc-coll7/masters/imports.py", line 2, in <module>
    import matplotlib.pyplot as plt 
ModuleNotFoundError: No module named 'matplotlib'
Traceback (most recent call last):
  File "/cosma/home/durham/dc-coll7/masters/run_full_dataset.py", line 1, in <module>
    from imports import *
  File "/cosma/home/durham/dc-coll7/masters/imports.py", line 2, in <module>
    import matplotlib.pyplot as plt 
ModuleNotFoundError: No module named 'matplotlib'

No redshift file for T4_Aug, generating...
No redshift file located for T4_Aug, generating
Traceback (most recent call last):
  File "/cosma/home/durham/dc-coll7/masters/run_full_dataset.py", line 22, in <module>
    run_halo('T4_Aug',512,4,1)
  File "/cosma/home/durham/dc-coll7/masters/run_full_dataset.py", line 6, in run_halo
    start_snap_num=int(get_snap_num(halo,start_redshift)[0])
  File "/cosma/home/durham/dc-coll7/masters/halo_readers.py", line 72, in get_snap_num
    snap_nums,snap_redshifts=get_redshifts(halo)
  File "/cosma/home/durham/dc-coll7/masters/halo_readers.py", line 63, in get_redshifts
    np.save(f'/cosma/apps/durham/dc-coll7/halos/{halo}/redshifts.npy',save_data) #Saves data to .npy file in halo's .npy storage directory
  File "/cosma/apps/durham/dc-coll7/venvs/rjscmasters/lib/python3.9/site-packages/numpy/lib/npyio.py", line 542, in save
    file_ctx = open(file, "wb")
FileNotFoundError: [Errno 2] No such file or directory: '/cosma/apps/durham/dc-coll7/halos/T4_Aug/redshifts.npy'
/cosma/home/durham/dc-coll7/masters/plot_generation.py:171: RuntimeWarning: divide by zero encountered in log10
  imshows=[ax_masshist[row_index][planes[plane]['index']].imshow(np.log10(loaded_data[plane]),extent=plot_extents[plane],vmin=vmin,vmax=vmax,cmap=type_plot_info[matter_type]['cmap'],aspect='equal') for plane in planes]
/cosma/home/durham/dc-coll7/masters/plot_generation.py:280: RuntimeWarning: divide by zero encountered in log10
  imshows=[ax_gashist[row_index][planes[plane]['index']].imshow(np.log10(loaded_data[plane]),extent=plot_extents[plane],vmin=vmin,vmax=vmax,cmap=dens_plot_info[density]['cmap'],aspect='equal') for plane in planes]
/cosma/home/durham/dc-coll7/masters/data_handling.py:504: RuntimeWarning: invalid value encountered in divide
  weighted_mean_metallicity=np.divide(weighted_metallicity,bin_masses)
/cosma/home/durham/dc-coll7/masters/data_handling.py:529: RuntimeWarning: divide by zero encountered in log10
  masks={'DLA':np.log10(nH_col) >20.3,'subDLA': (20.3>np.log10(nH_col)) & (np.log10(nH_col) >19),'LymanLimit': (19>np.log10(nH_col)) & (np.log10(nH_col) >17.2)}
/cosma/home/durham/dc-coll7/masters/plot_generation.py:438: UserWarning: Attempt to set non-positive ylim on a log-scaled axis will be ignored.
  plt.ylim([0,np.float64(10**5)])
/cosma/home/durham/dc-coll7/masters/plot_generation.py:464: UserWarning: Attempt to set non-positive xlim on a log-scaled axis will be ignored.
  ax_gzhist.set_xlim([0,np.float64(3*10**4)])
/cosma/home/durham/dc-coll7/masters/plot_generation.py:171: RuntimeWarning: divide by zero encountered in log10
  imshows=[ax_masshist[row_index][planes[plane]['index']].imshow(np.log10(loaded_data[plane]),extent=plot_extents[plane],vmin=vmin,vmax=vmax,cmap=type_plot_info[matter_type]['cmap'],aspect='equal') for plane in planes]
/cosma/home/durham/dc-coll7/masters/plot_generation.py:280: RuntimeWarning: divide by zero encountered in log10
  imshows=[ax_gashist[row_index][planes[plane]['index']].imshow(np.log10(loaded_data[plane]),extent=plot_extents[plane],vmin=vmin,vmax=vmax,cmap=dens_plot_info[density]['cmap'],aspect='equal') for plane in planes]
/cosma/home/durham/dc-coll7/masters/data_handling.py:504: RuntimeWarning: invalid value encountered in divide
  weighted_mean_metallicity=np.divide(weighted_metallicity,bin_masses)
/cosma/home/durham/dc-coll7/masters/data_handling.py:529: RuntimeWarning: divide by zero encountered in log10
  masks={'DLA':np.log10(nH_col) >20.3,'subDLA': (20.3>np.log10(nH_col)) & (np.log10(nH_col) >19),'LymanLimit': (19>np.log10(nH_col)) & (np.log10(nH_col) >17.2)}
/cosma/home/durham/dc-coll7/masters/plot_generation.py:438: UserWarning: Attempt to set non-positive ylim on a log-scaled axis will be ignored.
  plt.ylim([0,np.float64(10**5)])
/cosma/home/durham/dc-coll7/masters/plot_generation.py:464: UserWarning: Attempt to set non-positive xlim on a log-scaled axis will be ignored.
  ax_gzhist.set_xlim([0,np.float64(3*10**4)])
/cosma/home/durham/dc-coll7/masters/plot_generation.py:171: RuntimeWarning: divide by zero encountered in log10
  imshows=[ax_masshist[row_index][planes[plane]['index']].imshow(np.log10(loaded_data[plane]),extent=plot_extents[plane],vmin=vmin,vmax=vmax,cmap=type_plot_info[matter_type]['cmap'],aspect='equal') for plane in planes]
/cosma/home/durham/dc-coll7/masters/plot_generation.py:280: RuntimeWarning: divide by zero encountered in log10
  imshows=[ax_gashist[row_index][planes[plane]['index']].imshow(np.log10(loaded_data[plane]),extent=plot_extents[plane],vmin=vmin,vmax=vmax,cmap=dens_plot_info[density]['cmap'],aspect='equal') for plane in planes]
/cosma/home/durham/dc-coll7/masters/data_handling.py:504: RuntimeWarning: invalid value encountered in divide
  weighted_mean_metallicity=np.divide(weighted_metallicity,bin_masses)
/cosma/home/durham/dc-coll7/masters/data_handling.py:529: RuntimeWarning: divide by zero encountered in log10
  masks={'DLA':np.log10(nH_col) >20.3,'subDLA': (20.3>np.log10(nH_col)) & (np.log10(nH_col) >19),'LymanLimit': (19>np.log10(nH_col)) & (np.log10(nH_col) >17.2)}
/cosma/home/durham/dc-coll7/masters/plot_generation.py:392: RuntimeWarning: More than 20 figures have been opened. Figures created through the pyplot interface (`matplotlib.pyplot.figure`) are retained until explicitly closed and may consume too much memory. (To control this warning, see the rcParam `figure.max_open_warning`). Consider using `matplotlib.pyplot.close()`.
  fig_scatter, ax_scatter=plt.subplots(figsize=(15,12))
/cosma/home/durham/dc-coll7/masters/plot_generation.py:438: UserWarning: Attempt to set non-positive ylim on a log-scaled axis will be ignored.
  plt.ylim([0,np.float64(10**5)])
/cosma/home/durham/dc-coll7/masters/plot_generation.py:464: UserWarning: Attempt to set non-positive xlim on a log-scaled axis will be ignored.
  ax_gzhist.set_xlim([0,np.float64(3*10**4)])
/cosma/home/durham/dc-coll7/masters/plot_generation.py:171: RuntimeWarning: divide by zero encountered in log10
  imshows=[ax_masshist[row_index][planes[plane]['index']].imshow(np.log10(loaded_data[plane]),extent=plot_extents[plane],vmin=vmin,vmax=vmax,cmap=type_plot_info[matter_type]['cmap'],aspect='equal') for plane in planes]
/cosma/home/durham/dc-coll7/masters/plot_generation.py:280: RuntimeWarning: divide by zero encountered in log10
  imshows=[ax_gashist[row_index][planes[plane]['index']].imshow(np.log10(loaded_data[plane]),extent=plot_extents[plane],vmin=vmin,vmax=vmax,cmap=dens_plot_info[density]['cmap'],aspect='equal') for plane in planes]
/cosma/home/durham/dc-coll7/masters/data_handling.py:504: RuntimeWarning: invalid value encountered in divide
  weighted_mean_metallicity=np.divide(weighted_metallicity,bin_masses)
/cosma/home/durham/dc-coll7/masters/data_handling.py:529: RuntimeWarning: divide by zero encountered in log10
  masks={'DLA':np.log10(nH_col) >20.3,'subDLA': (20.3>np.log10(nH_col)) & (np.log10(nH_col) >19),'LymanLimit': (19>np.log10(nH_col)) & (np.log10(nH_col) >17.2)}
/cosma/home/durham/dc-coll7/masters/plot_generation.py:438: UserWarning: Attempt to set non-positive ylim on a log-scaled axis will be ignored.
  plt.ylim([0,np.float64(10**5)])
/cosma/home/durham/dc-coll7/masters/plot_generation.py:464: UserWarning: Attempt to set non-positive xlim on a log-scaled axis will be ignored.
  ax_gzhist.set_xlim([0,np.float64(3*10**4)])
/cosma/home/durham/dc-coll7/masters/plot_generation.py:171: RuntimeWarning: divide by zero encountered in log10
  imshows=[ax_masshist[row_index][planes[plane]['index']].imshow(np.log10(loaded_data[plane]),extent=plot_extents[plane],vmin=vmin,vmax=vmax,cmap=type_plot_info[matter_type]['cmap'],aspect='equal') for plane in planes]
/cosma/home/durham/dc-coll7/masters/plot_generation.py:280: RuntimeWarning: divide by zero encountered in log10
  imshows=[ax_gashist[row_index][planes[plane]['index']].imshow(np.log10(loaded_data[plane]),extent=plot_extents[plane],vmin=vmin,vmax=vmax,cmap=dens_plot_info[density]['cmap'],aspect='equal') for plane in planes]
/cosma/home/durham/dc-coll7/masters/data_handling.py:504: RuntimeWarning: invalid value encountered in divide
  weighted_mean_metallicity=np.divide(weighted_metallicity,bin_masses)
/cosma/home/durham/dc-coll7/masters/data_handling.py:529: RuntimeWarning: divide by zero encountered in log10
  masks={'DLA':np.log10(nH_col) >20.3,'subDLA': (20.3>np.log10(nH_col)) & (np.log10(nH_col) >19),'LymanLimit': (19>np.log10(nH_col)) & (np.log10(nH_col) >17.2)}
/cosma/home/durham/dc-coll7/masters/plot_generation.py:438: UserWarning: Attempt to set non-positive ylim on a log-scaled axis will be ignored.
  plt.ylim([0,np.float64(10**5)])
/cosma/home/durham/dc-coll7/masters/plot_generation.py:464: UserWarning: Attempt to set non-positive xlim on a log-scaled axis will be ignored.
  ax_gzhist.set_xlim([0,np.float64(3*10**4)])
/cosma/home/durham/dc-coll7/masters/plot_generation.py:171: RuntimeWarning: divide by zero encountered in log10
  imshows=[ax_masshist[row_index][planes[plane]['index']].imshow(np.log10(loaded_data[plane]),extent=plot_extents[plane],vmin=vmin,vmax=vmax,cmap=type_plot_info[matter_type]['cmap'],aspect='equal') for plane in planes]
/cosma/home/durham/dc-coll7/masters/plot_generation.py:280: RuntimeWarning: divide by zero encountered in log10
  imshows=[ax_gashist[row_index][planes[plane]['index']].imshow(np.log10(loaded_data[plane]),extent=plot_extents[plane],vmin=vmin,vmax=vmax,cmap=dens_plot_info[density]['cmap'],aspect='equal') for plane in planes]
/cosma/home/durham/dc-coll7/masters/data_handling.py:504: RuntimeWarning: invalid value encountered in divide
  weighted_mean_metallicity=np.divide(weighted_metallicity,bin_masses)
/cosma/home/durham/dc-coll7/masters/data_handling.py:529: RuntimeWarning: divide by zero encountered in log10
  masks={'DLA':np.log10(nH_col) >20.3,'subDLA': (20.3>np.log10(nH_col)) & (np.log10(nH_col) >19),'LymanLimit': (19>np.log10(nH_col)) & (np.log10(nH_col) >17.2)}
/cosma/home/durham/dc-coll7/masters/plot_generation.py:438: UserWarning: Attempt to set non-positive ylim on a log-scaled axis will be ignored.
  plt.ylim([0,np.float64(10**5)])
/cosma/home/durham/dc-coll7/masters/plot_generation.py:464: UserWarning: Attempt to set non-positive xlim on a log-scaled axis will be ignored.
  ax_gzhist.set_xlim([0,np.float64(3*10**4)])
/cosma/home/durham/dc-coll7/masters/plot_generation.py:171: RuntimeWarning: divide by zero encountered in log10
  imshows=[ax_masshist[row_index][planes[plane]['index']].imshow(np.log10(loaded_data[plane]),extent=plot_extents[plane],vmin=vmin,vmax=vmax,cmap=type_plot_info[matter_type]['cmap'],aspect='equal') for plane in planes]
/cosma/home/durham/dc-coll7/masters/plot_generation.py:280: RuntimeWarning: divide by zero encountered in log10
  imshows=[ax_gashist[row_index][planes[plane]['index']].imshow(np.log10(loaded_data[plane]),extent=plot_extents[plane],vmin=vmin,vmax=vmax,cmap=dens_plot_info[density]['cmap'],aspect='equal') for plane in planes]
/cosma/home/durham/dc-coll7/masters/data_handling.py:504: RuntimeWarning: invalid value encountered in divide
  weighted_mean_metallicity=np.divide(weighted_metallicity,bin_masses)
/cosma/home/durham/dc-coll7/masters/data_handling.py:529: RuntimeWarning: divide by zero encountered in log10
  masks={'DLA':np.log10(nH_col) >20.3,'subDLA': (20.3>np.log10(nH_col)) & (np.log10(nH_col) >19),'LymanLimit': (19>np.log10(nH_col)) & (np.log10(nH_col) >17.2)}
/cosma/home/durham/dc-coll7/masters/plot_generation.py:438: UserWarning: Attempt to set non-positive ylim on a log-scaled axis will be ignored.
  plt.ylim([0,np.float64(10**5)])
/cosma/home/durham/dc-coll7/masters/plot_generation.py:464: UserWarning: Attempt to set non-positive xlim on a log-scaled axis will be ignored.
  ax_gzhist.set_xlim([0,np.float64(3*10**4)])
/cosma/home/durham/dc-coll7/masters/plot_generation.py:171: RuntimeWarning: divide by zero encountered in log10
  imshows=[ax_masshist[row_index][planes[plane]['index']].imshow(np.log10(loaded_data[plane]),extent=plot_extents[plane],vmin=vmin,vmax=vmax,cmap=type_plot_info[matter_type]['cmap'],aspect='equal') for plane in planes]
/cosma/home/durham/dc-coll7/masters/plot_generation.py:280: RuntimeWarning: divide by zero encountered in log10
  imshows=[ax_gashist[row_index][planes[plane]['index']].imshow(np.log10(loaded_data[plane]),extent=plot_extents[plane],vmin=vmin,vmax=vmax,cmap=dens_plot_info[density]['cmap'],aspect='equal') for plane in planes]
/cosma/home/durham/dc-coll7/masters/data_handling.py:504: RuntimeWarning: invalid value encountered in divide
  weighted_mean_metallicity=np.divide(weighted_metallicity,bin_masses)
/cosma/home/durham/dc-coll7/masters/data_handling.py:529: RuntimeWarning: divide by zero encountered in log10
  masks={'DLA':np.log10(nH_col) >20.3,'subDLA': (20.3>np.log10(nH_col)) & (np.log10(nH_col) >19),'LymanLimit': (19>np.log10(nH_col)) & (np.log10(nH_col) >17.2)}
/cosma/home/durham/dc-coll7/masters/plot_generation.py:438: UserWarning: Attempt to set non-positive ylim on a log-scaled axis will be ignored.
  plt.ylim([0,np.float64(10**5)])
/cosma/home/durham/dc-coll7/masters/plot_generation.py:464: UserWarning: Attempt to set non-positive xlim on a log-scaled axis will be ignored.
  ax_gzhist.set_xlim([0,np.float64(3*10**4)])

Halo Directory Not Present

No redshift file for T4_Aug, generating...
No redshift file located for T4_Aug, generating

--- Target Redshift: 4 ---
Snapshot Number Selected: 152
Snapshot True Redshift: 4.0079451114652676
Redshift Difference: 0.19862778663168879%

 T4_Aug redshift file imported

--- Target Redshift: 1 ---
Snapshot Number Selected: 164
Snapshot True Redshift: 0.9972942257819404
Redshift Difference: 0.270577421805962%

Directory for T4_Aug located

 Redshift file for T4_Aug located

Snapshot Number: 152
Snapshot Redshift: 4.0079451114652676

Snapshot 152 gmet Raw Data Incomplete
Using default directory: /cosma8/data/dp004/lyra/original_sample/

Directory for T4_Aug located
T4_Aug Redshift File Located

Snapshot Number 152 Provided

 Redshift file for T4_Aug located

Snapshot Number: 152
Snapshot Redshift: 4.0079451114652676

No Directory Detected for T4_Aug Snapshot 152
T4_Aug Snapshot 152 Directory Created

No T4_Aug Snapshot 152 subfind directory detected
Subfind directory for T4_Aug Snapshot 152 created

Importing T4_Aug Snapshot 152 Subfind Data
Subfind Data imported

No Subfind FoF Data Located\Loading subfind data for T4_Aug from Snapshot 152
Subfind FoF position data saved
Subfind FoF mass data saved
Subfind Halo Parameters Saved

 Redshift file for T4_Aug located

Snapshot Number: 152
Snapshot Redshift: 4.0079451114652676

Subfind Position Data Imported
Subfind Mass Data Imported

 Redshift file for T4_Aug located

Snapshot Number: 152
Snapshot Redshift: 4.0079451114652676

No T4_Aug raw Snapshot 152 data directory detected
Directory for T4_Aug raw Snapshot 152 data created

T4_Aug Snapshot 152 Gas raw data incomplete
Importing Snapshot 152 Gas data
T4_Aug Snapshot 152 Gas data loaded

Saving required Gas snapshot data to external file

Gas pos data loaded
Gas pos data saved externally

Gas mass data loaded
Gas mass data saved externally

Gas gz data loaded
Gas gz data saved externally

Gas gmet data loaded
Gas gmet data saved externally

Gas nh data loaded
Gas nh data saved externally

T4_Aug Snapshot 152 DM raw data incomplete
Importing Snapshot 152 DM data
T4_Aug Snapshot 152 DM data loaded

Saving required DM snapshot data to external file

DM pos data loaded
DM pos data saved externally

DM Mass Parameters data loaded
DM Mass Parameters data saved externally

DM mass data calculated
DM mass data saved externally

T4_Aug Snapshot 152 Stars raw data incomplete
Importing Snapshot 152 Stars data
T4_Aug Snapshot 152 Stars data loaded

Saving required Stars snapshot data to external file

Stars pos data loaded
Stars pos data saved externally

Stars mass data loaded
Stars mass data saved externally

T4_Aug Snapshot 152 Raw Data Import Complete

Snapshot 152 mass raw data located

Snapshot 152 nh raw data located

Snapshot 152 gz raw data located

Directory for T4_Aug located

 Redshift file for T4_Aug located

Snapshot Number: 152
Snapshot Redshift: 4.0079451114652676

Snapshot 152 Gas raw data located

Snapshot 152 DM raw data located

Snapshot 152 Stars raw data located
Gas Relative Position Data Not Found, Generating
Gas Relative Position File Generated
DM Relative Position Data Not Found, Generating
DM Relative Position File Generated
Stars Relative Position Data Not Found, Generating
Stars Relative Position File Generated
Gas Radial Position Data Not Found, Generating
Gas Radial Position File Generated
DM Radial Position Data Not Found, Generating
DM Radial Position File Generated
Stars Radial Position Data Not Found, Generating
Stars Radial Position File Generated

gas spatial extent calculated

gas bin widths calculated

gas xy binned masses calculated

gas xy projected densities calculated

gas xz binned masses calculated

gas xz projected densities calculated

gas yz binned masses calculated

gas yz projected densities calculated

gas projected density file created

dm spatial extent calculated

dm bin widths calculated

dm xy binned masses calculated

dm xy projected densities calculated

dm xz binned masses calculated

dm xz projected densities calculated

dm yz binned masses calculated

dm yz projected densities calculated

dm projected density file created

stars spatial extent calculated

stars bin widths calculated

stars xy binned masses calculated

stars xy projected densities calculated

stars xz binned masses calculated

stars xz projected densities calculated

stars yz binned masses calculated

stars yz projected densities calculated

stars projected density file created

 Redshift file for T4_Aug located

Snapshot Number: 152
Snapshot Redshift: 4.0079451114652676

 Redshift file for T4_Aug located

Snapshot Number: 152
Snapshot Redshift: 4.0079451114652676

Spatial extent calculated

Bin widths calculated

 Redshift file for T4_Aug located

Snapshot Number: 152
Snapshot Redshift: 4.0079451114652676

 Redshift file for T4_Aug located

Snapshot Number: 152
Snapshot Redshift: 4.0079451114652676

 Redshift file for T4_Aug located

Snapshot Number: 152
Snapshot Redshift: 4.0079451114652676

Directory for T4_Aug located

 Redshift file for T4_Aug located

Snapshot Number: 153
Snapshot Redshift: 3.344350865135782

Snapshot 153 gmet Raw Data Incomplete
Using default directory: /cosma8/data/dp004/lyra/original_sample/

Directory for T4_Aug located
T4_Aug Redshift File Located

Snapshot Number 153 Provided

 Redshift file for T4_Aug located

Snapshot Number: 153
Snapshot Redshift: 3.344350865135782

No Directory Detected for T4_Aug Snapshot 153
T4_Aug Snapshot 153 Directory Created

No T4_Aug Snapshot 153 subfind directory detected
Subfind directory for T4_Aug Snapshot 153 created

Importing T4_Aug Snapshot 153 Subfind Data
Subfind Data imported

No Subfind FoF Data Located\Loading subfind data for T4_Aug from Snapshot 153
Subfind FoF position data saved
Subfind FoF mass data saved
Subfind Halo Parameters Saved

 Redshift file for T4_Aug located

Snapshot Number: 153
Snapshot Redshift: 3.344350865135782

Subfind Position Data Imported
Subfind Mass Data Imported

 Redshift file for T4_Aug located

Snapshot Number: 153
Snapshot Redshift: 3.344350865135782

No T4_Aug raw Snapshot 153 data directory detected
Directory for T4_Aug raw Snapshot 153 data created

T4_Aug Snapshot 153 Gas raw data incomplete
Importing Snapshot 153 Gas data
T4_Aug Snapshot 153 Gas data loaded

Saving required Gas snapshot data to external file

Gas pos data loaded
Gas pos data saved externally

Gas mass data loaded
Gas mass data saved externally

Gas gz data loaded
Gas gz data saved externally

Gas gmet data loaded
Gas gmet data saved externally

Gas nh data loaded
Gas nh data saved externally

T4_Aug Snapshot 153 DM raw data incomplete
Importing Snapshot 153 DM data
T4_Aug Snapshot 153 DM data loaded

Saving required DM snapshot data to external file

DM pos data loaded
DM pos data saved externally

DM Mass Parameters data loaded
DM Mass Parameters data saved externally

DM mass data calculated
DM mass data saved externally

T4_Aug Snapshot 153 Stars raw data incomplete
Importing Snapshot 153 Stars data
T4_Aug Snapshot 153 Stars data loaded

Saving required Stars snapshot data to external file

Stars pos data loaded
Stars pos data saved externally

Stars mass data loaded
Stars mass data saved externally

T4_Aug Snapshot 153 Raw Data Import Complete

Snapshot 153 mass raw data located

Snapshot 153 nh raw data located

Snapshot 153 gz raw data located

Directory for T4_Aug located

 Redshift file for T4_Aug located

Snapshot Number: 153
Snapshot Redshift: 3.344350865135782

Snapshot 153 Gas raw data located

Snapshot 153 DM raw data located

Snapshot 153 Stars raw data located
Gas Relative Position Data Not Found, Generating
Gas Relative Position File Generated
DM Relative Position Data Not Found, Generating
DM Relative Position File Generated
Stars Relative Position Data Not Found, Generating
Stars Relative Position File Generated
Gas Radial Position Data Not Found, Generating
Gas Radial Position File Generated
DM Radial Position Data Not Found, Generating
DM Radial Position File Generated
Stars Radial Position Data Not Found, Generating
Stars Radial Position File Generated

gas spatial extent calculated

gas bin widths calculated

gas xy binned masses calculated

gas xy projected densities calculated

gas xz binned masses calculated

gas xz projected densities calculated

gas yz binned masses calculated

gas yz projected densities calculated

gas projected density file created

dm spatial extent calculated

dm bin widths calculated

dm xy binned masses calculated

dm xy projected densities calculated

dm xz binned masses calculated

dm xz projected densities calculated

dm yz binned masses calculated

dm yz projected densities calculated

dm projected density file created

stars spatial extent calculated

stars bin widths calculated

stars xy binned masses calculated

stars xy projected densities calculated

stars xz binned masses calculated

stars xz projected densities calculated

stars yz binned masses calculated

stars yz projected densities calculated

stars projected density file created

 Redshift file for T4_Aug located

Snapshot Number: 153
Snapshot Redshift: 3.344350865135782

 Redshift file for T4_Aug located

Snapshot Number: 153
Snapshot Redshift: 3.344350865135782

Spatial extent calculated

Bin widths calculated

 Redshift file for T4_Aug located

Snapshot Number: 153
Snapshot Redshift: 3.344350865135782

 Redshift file for T4_Aug located

Snapshot Number: 153
Snapshot Redshift: 3.344350865135782

 Redshift file for T4_Aug located

Snapshot Number: 153
Snapshot Redshift: 3.344350865135782

Directory for T4_Aug located

 Redshift file for T4_Aug located

Snapshot Number: 154
Snapshot Redshift: 2.859040507202043

Snapshot 154 gmet Raw Data Incomplete
Using default directory: /cosma8/data/dp004/lyra/original_sample/

Directory for T4_Aug located
T4_Aug Redshift File Located

Snapshot Number 154 Provided

 Redshift file for T4_Aug located

Snapshot Number: 154
Snapshot Redshift: 2.859040507202043

No Directory Detected for T4_Aug Snapshot 154
T4_Aug Snapshot 154 Directory Created

No T4_Aug Snapshot 154 subfind directory detected
Subfind directory for T4_Aug Snapshot 154 created

Importing T4_Aug Snapshot 154 Subfind Data
Subfind Data imported

No Subfind FoF Data Located\Loading subfind data for T4_Aug from Snapshot 154
Subfind FoF position data saved
Subfind FoF mass data saved
Subfind Halo Parameters Saved

 Redshift file for T4_Aug located

Snapshot Number: 154
Snapshot Redshift: 2.859040507202043

Subfind Position Data Imported
Subfind Mass Data Imported

 Redshift file for T4_Aug located

Snapshot Number: 154
Snapshot Redshift: 2.859040507202043

No T4_Aug raw Snapshot 154 data directory detected
Directory for T4_Aug raw Snapshot 154 data created

T4_Aug Snapshot 154 Gas raw data incomplete
Importing Snapshot 154 Gas data
T4_Aug Snapshot 154 Gas data loaded

Saving required Gas snapshot data to external file

Gas pos data loaded
Gas pos data saved externally

Gas mass data loaded
Gas mass data saved externally

Gas gz data loaded
Gas gz data saved externally

Gas gmet data loaded
Gas gmet data saved externally

Gas nh data loaded
Gas nh data saved externally

T4_Aug Snapshot 154 DM raw data incomplete
Importing Snapshot 154 DM data
T4_Aug Snapshot 154 DM data loaded

Saving required DM snapshot data to external file

DM pos data loaded
DM pos data saved externally

DM Mass Parameters data loaded
DM Mass Parameters data saved externally

DM mass data calculated
DM mass data saved externally

T4_Aug Snapshot 154 Stars raw data incomplete
Importing Snapshot 154 Stars data
T4_Aug Snapshot 154 Stars data loaded

Saving required Stars snapshot data to external file

Stars pos data loaded
Stars pos data saved externally

Stars mass data loaded
Stars mass data saved externally

T4_Aug Snapshot 154 Raw Data Import Complete

Snapshot 154 mass raw data located

Snapshot 154 nh raw data located

Snapshot 154 gz raw data located

Directory for T4_Aug located

 Redshift file for T4_Aug located

Snapshot Number: 154
Snapshot Redshift: 2.859040507202043

Snapshot 154 Gas raw data located

Snapshot 154 DM raw data located

Snapshot 154 Stars raw data located
Gas Relative Position Data Not Found, Generating
Gas Relative Position File Generated
DM Relative Position Data Not Found, Generating
DM Relative Position File Generated
Stars Relative Position Data Not Found, Generating
Stars Relative Position File Generated
Gas Radial Position Data Not Found, Generating
Gas Radial Position File Generated
DM Radial Position Data Not Found, Generating
DM Radial Position File Generated
Stars Radial Position Data Not Found, Generating
Stars Radial Position File Generated

gas spatial extent calculated

gas bin widths calculated

gas xy binned masses calculated

gas xy projected densities calculated

gas xz binned masses calculated

gas xz projected densities calculated

gas yz binned masses calculated

gas yz projected densities calculated

gas projected density file created

dm spatial extent calculated

dm bin widths calculated

dm xy binned masses calculated

dm xy projected densities calculated

dm xz binned masses calculated

dm xz projected densities calculated

dm yz binned masses calculated

dm yz projected densities calculated

dm projected density file created

stars spatial extent calculated

stars bin widths calculated

stars xy binned masses calculated

stars xy projected densities calculated

stars xz binned masses calculated

stars xz projected densities calculated

stars yz binned masses calculated

stars yz projected densities calculated

stars projected density file created

 Redshift file for T4_Aug located

Snapshot Number: 154
Snapshot Redshift: 2.859040507202043

 Redshift file for T4_Aug located

Snapshot Number: 154
Snapshot Redshift: 2.859040507202043

Spatial extent calculated

Bin widths calculated

 Redshift file for T4_Aug located

Snapshot Number: 154
Snapshot Redshift: 2.859040507202043

 Redshift file for T4_Aug located

Snapshot Number: 154
Snapshot Redshift: 2.859040507202043

 Redshift file for T4_Aug located

Snapshot Number: 154
Snapshot Redshift: 2.859040507202043

Directory for T4_Aug located

 Redshift file for T4_Aug located

Snapshot Number: 155
Snapshot Redshift: 2.493534772398338

Snapshot 155 gmet Raw Data Incomplete
Using default directory: /cosma8/data/dp004/lyra/original_sample/

Directory for T4_Aug located
T4_Aug Redshift File Located

Snapshot Number 155 Provided

 Redshift file for T4_Aug located

Snapshot Number: 155
Snapshot Redshift: 2.493534772398338

No Directory Detected for T4_Aug Snapshot 155
T4_Aug Snapshot 155 Directory Created

No T4_Aug Snapshot 155 subfind directory detected
Subfind directory for T4_Aug Snapshot 155 created

Importing T4_Aug Snapshot 155 Subfind Data
Subfind Data imported

No Subfind FoF Data Located\Loading subfind data for T4_Aug from Snapshot 155
Subfind FoF position data saved
Subfind FoF mass data saved
Subfind Halo Parameters Saved

 Redshift file for T4_Aug located

Snapshot Number: 155
Snapshot Redshift: 2.493534772398338

Subfind Position Data Imported
Subfind Mass Data Imported

 Redshift file for T4_Aug located

Snapshot Number: 155
Snapshot Redshift: 2.493534772398338

No T4_Aug raw Snapshot 155 data directory detected
Directory for T4_Aug raw Snapshot 155 data created

T4_Aug Snapshot 155 Gas raw data incomplete
Importing Snapshot 155 Gas data
T4_Aug Snapshot 155 Gas data loaded

Saving required Gas snapshot data to external file

Gas pos data loaded
Gas pos data saved externally

Gas mass data loaded
Gas mass data saved externally

Gas gz data loaded
Gas gz data saved externally

Gas gmet data loaded
Gas gmet data saved externally

Gas nh data loaded
Gas nh data saved externally

T4_Aug Snapshot 155 DM raw data incomplete
Importing Snapshot 155 DM data
T4_Aug Snapshot 155 DM data loaded

Saving required DM snapshot data to external file

DM pos data loaded
DM pos data saved externally

DM Mass Parameters data loaded
DM Mass Parameters data saved externally

DM mass data calculated
DM mass data saved externally

T4_Aug Snapshot 155 Stars raw data incomplete
Importing Snapshot 155 Stars data
T4_Aug Snapshot 155 Stars data loaded

Saving required Stars snapshot data to external file

Stars pos data loaded
Stars pos data saved externally

Stars mass data loaded
Stars mass data saved externally

T4_Aug Snapshot 155 Raw Data Import Complete

Snapshot 155 mass raw data located

Snapshot 155 nh raw data located

Snapshot 155 gz raw data located

Directory for T4_Aug located

 Redshift file for T4_Aug located

Snapshot Number: 155
Snapshot Redshift: 2.493534772398338

Snapshot 155 Gas raw data located

Snapshot 155 DM raw data located

Snapshot 155 Stars raw data located
Gas Relative Position Data Not Found, Generating
Gas Relative Position File Generated
DM Relative Position Data Not Found, Generating
DM Relative Position File Generated
Stars Relative Position Data Not Found, Generating
Stars Relative Position File Generated
Gas Radial Position Data Not Found, Generating
Gas Radial Position File Generated
DM Radial Position Data Not Found, Generating
DM Radial Position File Generated
Stars Radial Position Data Not Found, Generating
Stars Radial Position File Generated

gas spatial extent calculated

gas bin widths calculated

gas xy binned masses calculated

gas xy projected densities calculated

gas xz binned masses calculated

gas xz projected densities calculated

gas yz binned masses calculated

gas yz projected densities calculated

gas projected density file created

dm spatial extent calculated

dm bin widths calculated

dm xy binned masses calculated

dm xy projected densities calculated

dm xz binned masses calculated

dm xz projected densities calculated

dm yz binned masses calculated

dm yz projected densities calculated

dm projected density file created

stars spatial extent calculated

stars bin widths calculated

stars xy binned masses calculated

stars xy projected densities calculated

stars xz binned masses calculated

stars xz projected densities calculated

stars yz binned masses calculated

stars yz projected densities calculated

stars projected density file created

 Redshift file for T4_Aug located

Snapshot Number: 155
Snapshot Redshift: 2.493534772398338

 Redshift file for T4_Aug located

Snapshot Number: 155
Snapshot Redshift: 2.493534772398338

Spatial extent calculated

Bin widths calculated

 Redshift file for T4_Aug located

Snapshot Number: 155
Snapshot Redshift: 2.493534772398338

 Redshift file for T4_Aug located

Snapshot Number: 155
Snapshot Redshift: 2.493534772398338

 Redshift file for T4_Aug located

Snapshot Number: 155
Snapshot Redshift: 2.493534772398338

Directory for T4_Aug located

 Redshift file for T4_Aug located

Snapshot Number: 156
Snapshot Redshift: 2.207925472383703

Snapshot 156 gmet Raw Data Incomplete
Using default directory: /cosma8/data/dp004/lyra/original_sample/

Directory for T4_Aug located
T4_Aug Redshift File Located

Snapshot Number 156 Provided

 Redshift file for T4_Aug located

Snapshot Number: 156
Snapshot Redshift: 2.207925472383703

No Directory Detected for T4_Aug Snapshot 156
T4_Aug Snapshot 156 Directory Created

No T4_Aug Snapshot 156 subfind directory detected
Subfind directory for T4_Aug Snapshot 156 created

Importing T4_Aug Snapshot 156 Subfind Data
Subfind Data imported

No Subfind FoF Data Located\Loading subfind data for T4_Aug from Snapshot 156
Subfind FoF position data saved
Subfind FoF mass data saved
Subfind Halo Parameters Saved

 Redshift file for T4_Aug located

Snapshot Number: 156
Snapshot Redshift: 2.207925472383703

Subfind Position Data Imported
Subfind Mass Data Imported

 Redshift file for T4_Aug located

Snapshot Number: 156
Snapshot Redshift: 2.207925472383703

No T4_Aug raw Snapshot 156 data directory detected
Directory for T4_Aug raw Snapshot 156 data created

T4_Aug Snapshot 156 Gas raw data incomplete
Importing Snapshot 156 Gas data
T4_Aug Snapshot 156 Gas data loaded

Saving required Gas snapshot data to external file

Gas pos data loaded
Gas pos data saved externally

Gas mass data loaded
Gas mass data saved externally

Gas gz data loaded
Gas gz data saved externally

Gas gmet data loaded
Gas gmet data saved externally

Gas nh data loaded
Gas nh data saved externally

T4_Aug Snapshot 156 DM raw data incomplete
Importing Snapshot 156 DM data
T4_Aug Snapshot 156 DM data loaded

Saving required DM snapshot data to external file

DM pos data loaded
DM pos data saved externally

DM Mass Parameters data loaded
DM Mass Parameters data saved externally

DM mass data calculated
DM mass data saved externally

T4_Aug Snapshot 156 Stars raw data incomplete
Importing Snapshot 156 Stars data
T4_Aug Snapshot 156 Stars data loaded

Saving required Stars snapshot data to external file

Stars pos data loaded
Stars pos data saved externally

Stars mass data loaded
Stars mass data saved externally

T4_Aug Snapshot 156 Raw Data Import Complete

Snapshot 156 mass raw data located

Snapshot 156 nh raw data located

Snapshot 156 gz raw data located

Directory for T4_Aug located

 Redshift file for T4_Aug located

Snapshot Number: 156
Snapshot Redshift: 2.207925472383703

Snapshot 156 Gas raw data located

Snapshot 156 DM raw data located

Snapshot 156 Stars raw data located
Gas Relative Position Data Not Found, Generating
Gas Relative Position File Generated
DM Relative Position Data Not Found, Generating
DM Relative Position File Generated
Stars Relative Position Data Not Found, Generating
Stars Relative Position File Generated
Gas Radial Position Data Not Found, Generating
Gas Radial Position File Generated
DM Radial Position Data Not Found, Generating
DM Radial Position File Generated
Stars Radial Position Data Not Found, Generating
Stars Radial Position File Generated

gas spatial extent calculated

gas bin widths calculated

gas xy binned masses calculated

gas xy projected densities calculated

gas xz binned masses calculated

gas xz projected densities calculated

gas yz binned masses calculated

gas yz projected densities calculated

gas projected density file created

dm spatial extent calculated

dm bin widths calculated

dm xy binned masses calculated

dm xy projected densities calculated

dm xz binned masses calculated

dm xz projected densities calculated

dm yz binned masses calculated

dm yz projected densities calculated

dm projected density file created

stars spatial extent calculated

stars bin widths calculated

stars xy binned masses calculated

stars xy projected densities calculated

stars xz binned masses calculated

stars xz projected densities calculated

stars yz binned masses calculated

stars yz projected densities calculated

stars projected density file created

 Redshift file for T4_Aug located

Snapshot Number: 156
Snapshot Redshift: 2.207925472383703

 Redshift file for T4_Aug located

Snapshot Number: 156
Snapshot Redshift: 2.207925472383703

Spatial extent calculated

Bin widths calculated

 Redshift file for T4_Aug located

Snapshot Number: 156
Snapshot Redshift: 2.207925472383703

 Redshift file for T4_Aug located

Snapshot Number: 156
Snapshot Redshift: 2.207925472383703

 Redshift file for T4_Aug located

Snapshot Number: 156
Snapshot Redshift: 2.207925472383703

Directory for T4_Aug located

 Redshift file for T4_Aug located

Snapshot Number: 157
Snapshot Redshift: 1.9596563814681223

Snapshot 157 gmet Raw Data Incomplete
Using default directory: /cosma8/data/dp004/lyra/original_sample/

Directory for T4_Aug located
T4_Aug Redshift File Located

Snapshot Number 157 Provided

 Redshift file for T4_Aug located

Snapshot Number: 157
Snapshot Redshift: 1.9596563814681223

No Directory Detected for T4_Aug Snapshot 157
T4_Aug Snapshot 157 Directory Created

No T4_Aug Snapshot 157 subfind directory detected
Subfind directory for T4_Aug Snapshot 157 created

Importing T4_Aug Snapshot 157 Subfind Data
Subfind Data imported

No Subfind FoF Data Located\Loading subfind data for T4_Aug from Snapshot 157
Subfind FoF position data saved
Subfind FoF mass data saved
Subfind Halo Parameters Saved

 Redshift file for T4_Aug located

Snapshot Number: 157
Snapshot Redshift: 1.9596563814681223

Subfind Position Data Imported
Subfind Mass Data Imported

 Redshift file for T4_Aug located

Snapshot Number: 157
Snapshot Redshift: 1.9596563814681223

No T4_Aug raw Snapshot 157 data directory detected
Directory for T4_Aug raw Snapshot 157 data created

T4_Aug Snapshot 157 Gas raw data incomplete
Importing Snapshot 157 Gas data
T4_Aug Snapshot 157 Gas data loaded

Saving required Gas snapshot data to external file

Gas pos data loaded
Gas pos data saved externally

Gas mass data loaded
Gas mass data saved externally

Gas gz data loaded
Gas gz data saved externally

Gas gmet data loaded
Gas gmet data saved externally

Gas nh data loaded
Gas nh data saved externally

T4_Aug Snapshot 157 DM raw data incomplete
Importing Snapshot 157 DM data
T4_Aug Snapshot 157 DM data loaded

Saving required DM snapshot data to external file

DM pos data loaded
DM pos data saved externally

DM Mass Parameters data loaded
DM Mass Parameters data saved externally

DM mass data calculated
DM mass data saved externally

T4_Aug Snapshot 157 Stars raw data incomplete
Importing Snapshot 157 Stars data
T4_Aug Snapshot 157 Stars data loaded

Saving required Stars snapshot data to external file

Stars pos data loaded
Stars pos data saved externally

Stars mass data loaded
Stars mass data saved externally

T4_Aug Snapshot 157 Raw Data Import Complete

Snapshot 157 mass raw data located

Snapshot 157 nh raw data located

Snapshot 157 gz raw data located

Directory for T4_Aug located

 Redshift file for T4_Aug located

Snapshot Number: 157
Snapshot Redshift: 1.9596563814681223

Snapshot 157 Gas raw data located

Snapshot 157 DM raw data located

Snapshot 157 Stars raw data located
Gas Relative Position Data Not Found, Generating
Gas Relative Position File Generated
DM Relative Position Data Not Found, Generating
DM Relative Position File Generated
Stars Relative Position Data Not Found, Generating
Stars Relative Position File Generated
Gas Radial Position Data Not Found, Generating
Gas Radial Position File Generated
DM Radial Position Data Not Found, Generating
DM Radial Position File Generated
Stars Radial Position Data Not Found, Generating
Stars Radial Position File Generated

gas spatial extent calculated

gas bin widths calculated

gas xy binned masses calculated

gas xy projected densities calculated

gas xz binned masses calculated

gas xz projected densities calculated

gas yz binned masses calculated

gas yz projected densities calculated

gas projected density file created

dm spatial extent calculated

dm bin widths calculated

dm xy binned masses calculated

dm xy projected densities calculated

dm xz binned masses calculated

dm xz projected densities calculated

dm yz binned masses calculated

dm yz projected densities calculated

dm projected density file created

stars spatial extent calculated

stars bin widths calculated

stars xy binned masses calculated

stars xy projected densities calculated

stars xz binned masses calculated

stars xz projected densities calculated

stars yz binned masses calculated

stars yz projected densities calculated

stars projected density file created

 Redshift file for T4_Aug located

Snapshot Number: 157
Snapshot Redshift: 1.9596563814681223

 Redshift file for T4_Aug located

Snapshot Number: 157
Snapshot Redshift: 1.9596563814681223

Spatial extent calculated

Bin widths calculated

 Redshift file for T4_Aug located

Snapshot Number: 157
Snapshot Redshift: 1.9596563814681223

 Redshift file for T4_Aug located

Snapshot Number: 157
Snapshot Redshift: 1.9596563814681223

 Redshift file for T4_Aug located

Snapshot Number: 157
Snapshot Redshift: 1.9596563814681223

Directory for T4_Aug located

 Redshift file for T4_Aug located

Snapshot Number: 158
Snapshot Redshift: 1.769693939642695

Snapshot 158 gmet Raw Data Incomplete
Using default directory: /cosma8/data/dp004/lyra/original_sample/

Directory for T4_Aug located
T4_Aug Redshift File Located

Snapshot Number 158 Provided

 Redshift file for T4_Aug located

Snapshot Number: 158
Snapshot Redshift: 1.769693939642695

No Directory Detected for T4_Aug Snapshot 158
T4_Aug Snapshot 158 Directory Created

No T4_Aug Snapshot 158 subfind directory detected
Subfind directory for T4_Aug Snapshot 158 created

Importing T4_Aug Snapshot 158 Subfind Data
Subfind Data imported

No Subfind FoF Data Located\Loading subfind data for T4_Aug from Snapshot 158
Subfind FoF position data saved
Subfind FoF mass data saved
Subfind Halo Parameters Saved

 Redshift file for T4_Aug located

Snapshot Number: 158
Snapshot Redshift: 1.769693939642695

Subfind Position Data Imported
Subfind Mass Data Imported

 Redshift file for T4_Aug located

Snapshot Number: 158
Snapshot Redshift: 1.769693939642695

No T4_Aug raw Snapshot 158 data directory detected
Directory for T4_Aug raw Snapshot 158 data created

T4_Aug Snapshot 158 Gas raw data incomplete
Importing Snapshot 158 Gas data
T4_Aug Snapshot 158 Gas data loaded

Saving required Gas snapshot data to external file

Gas pos data loaded
Gas pos data saved externally

Gas mass data loaded
Gas mass data saved externally

Gas gz data loaded
Gas gz data saved externally

Gas gmet data loaded
Gas gmet data saved externally

Gas nh data loaded
Gas nh data saved externally

T4_Aug Snapshot 158 DM raw data incomplete
Importing Snapshot 158 DM data
T4_Aug Snapshot 158 DM data loaded

Saving required DM snapshot data to external file

DM pos data loaded
DM pos data saved externally

DM Mass Parameters data loaded
DM Mass Parameters data saved externally

DM mass data calculated
DM mass data saved externally

T4_Aug Snapshot 158 Stars raw data incomplete
Importing Snapshot 158 Stars data
T4_Aug Snapshot 158 Stars data loaded

Saving required Stars snapshot data to external file

Stars pos data loaded
Stars pos data saved externally

Stars mass data loaded
Stars mass data saved externally

T4_Aug Snapshot 158 Raw Data Import Complete

Snapshot 158 mass raw data located

Snapshot 158 nh raw data located

Snapshot 158 gz raw data located

Directory for T4_Aug located

 Redshift file for T4_Aug located

Snapshot Number: 158
Snapshot Redshift: 1.769693939642695

Snapshot 158 Gas raw data located

Snapshot 158 DM raw data located

Snapshot 158 Stars raw data located
Gas Relative Position Data Not Found, Generating
Gas Relative Position File Generated
DM Relative Position Data Not Found, Generating
DM Relative Position File Generated
Stars Relative Position Data Not Found, Generating
Stars Relative Position File Generated
Gas Radial Position Data Not Found, Generating
Gas Radial Position File Generated
DM Radial Position Data Not Found, Generating
DM Radial Position File Generated
Stars Radial Position Data Not Found, Generating
Stars Radial Position File Generated

gas spatial extent calculated

gas bin widths calculated

gas xy binned masses calculated

gas xy projected densities calculated

gas xz binned masses calculated

gas xz projected densities calculated

gas yz binned masses calculated

gas yz projected densities calculated

gas projected density file created

dm spatial extent calculated

dm bin widths calculated

dm xy binned masses calculated

dm xy projected densities calculated

dm xz binned masses calculated

dm xz projected densities calculated

dm yz binned masses calculated

dm yz projected densities calculated

dm projected density file created

stars spatial extent calculated

stars bin widths calculated

stars xy binned masses calculated

stars xy projected densities calculated

stars xz binned masses calculated

stars xz projected densities calculated

stars yz binned masses calculated

stars yz projected densities calculated

stars projected density file created

 Redshift file for T4_Aug located

Snapshot Number: 158
Snapshot Redshift: 1.769693939642695

 Redshift file for T4_Aug located

Snapshot Number: 158
Snapshot Redshift: 1.769693939642695

Spatial extent calculated

Bin widths calculated

 Redshift file for T4_Aug located

Snapshot Number: 158
Snapshot Redshift: 1.769693939642695

 Redshift file for T4_Aug located

Snapshot Number: 158
Snapshot Redshift: 1.769693939642695

 Redshift file for T4_Aug located

Snapshot Number: 158
Snapshot Redshift: 1.769693939642695

Directory for T4_Aug located

 Redshift file for T4_Aug located

Snapshot Number: 159
Snapshot Redshift: 1.5919240379818054

Snapshot 159 gmet Raw Data Incomplete
/cosma/home/durham/dc-coll7/masters/plot_generation.py:171: RuntimeWarning: divide by zero encountered in log10
  imshows=[ax_masshist[row_index][planes[plane]['index']].imshow(np.log10(loaded_data[plane]),extent=plot_extents[plane],vmin=vmin,vmax=vmax,cmap=type_plot_info[matter_type]['cmap'],aspect='equal') for plane in planes]
/cosma/home/durham/dc-coll7/masters/plot_generation.py:280: RuntimeWarning: divide by zero encountered in log10
  imshows=[ax_gashist[row_index][planes[plane]['index']].imshow(np.log10(loaded_data[plane]),extent=plot_extents[plane],vmin=vmin,vmax=vmax,cmap=dens_plot_info[density]['cmap'],aspect='equal') for plane in planes]
/cosma/home/durham/dc-coll7/masters/data_handling.py:504: RuntimeWarning: invalid value encountered in divide
  weighted_mean_metallicity=np.divide(weighted_metallicity,bin_masses)
/cosma/home/durham/dc-coll7/masters/data_handling.py:529: RuntimeWarning: divide by zero encountered in log10
  masks={'DLA':np.log10(nH_col) >20.3,'subDLA': (20.3>np.log10(nH_col)) & (np.log10(nH_col) >19),'LymanLimit': (19>np.log10(nH_col)) & (np.log10(nH_col) >17.2)}
/cosma/home/durham/dc-coll7/masters/plot_generation.py:438: UserWarning: Attempt to set non-positive ylim on a log-scaled axis will be ignored.
  plt.ylim([0,np.float64(10**5)])
/cosma/home/durham/dc-coll7/masters/plot_generation.py:464: UserWarning: Attempt to set non-positive xlim on a log-scaled axis will be ignored.
  ax_gzhist.set_xlim([0,np.float64(3*10**4)])
/cosma/home/durham/dc-coll7/masters/plot_generation.py:171: RuntimeWarning: divide by zero encountered in log10
  imshows=[ax_masshist[row_index][planes[plane]['index']].imshow(np.log10(loaded_data[plane]),extent=plot_extents[plane],vmin=vmin,vmax=vmax,cmap=type_plot_info[matter_type]['cmap'],aspect='equal') for plane in planes]
/cosma/home/durham/dc-coll7/masters/plot_generation.py:280: RuntimeWarning: divide by zero encountered in log10
  imshows=[ax_gashist[row_index][planes[plane]['index']].imshow(np.log10(loaded_data[plane]),extent=plot_extents[plane],vmin=vmin,vmax=vmax,cmap=dens_plot_info[density]['cmap'],aspect='equal') for plane in planes]
/cosma/home/durham/dc-coll7/masters/data_handling.py:504: RuntimeWarning: invalid value encountered in divide
  weighted_mean_metallicity=np.divide(weighted_metallicity,bin_masses)
/cosma/home/durham/dc-coll7/masters/data_handling.py:529: RuntimeWarning: divide by zero encountered in log10
  masks={'DLA':np.log10(nH_col) >20.3,'subDLA': (20.3>np.log10(nH_col)) & (np.log10(nH_col) >19),'LymanLimit': (19>np.log10(nH_col)) & (np.log10(nH_col) >17.2)}
/cosma/home/durham/dc-coll7/masters/plot_generation.py:438: UserWarning: Attempt to set non-positive ylim on a log-scaled axis will be ignored.
  plt.ylim([0,np.float64(10**5)])
/cosma/home/durham/dc-coll7/masters/plot_generation.py:464: UserWarning: Attempt to set non-positive xlim on a log-scaled axis will be ignored.
  ax_gzhist.set_xlim([0,np.float64(3*10**4)])
/cosma/home/durham/dc-coll7/masters/plot_generation.py:171: RuntimeWarning: divide by zero encountered in log10
  imshows=[ax_masshist[row_index][planes[plane]['index']].imshow(np.log10(loaded_data[plane]),extent=plot_extents[plane],vmin=vmin,vmax=vmax,cmap=type_plot_info[matter_type]['cmap'],aspect='equal') for plane in planes]
/cosma/home/durham/dc-coll7/masters/plot_generation.py:280: RuntimeWarning: divide by zero encountered in log10
  imshows=[ax_gashist[row_index][planes[plane]['index']].imshow(np.log10(loaded_data[plane]),extent=plot_extents[plane],vmin=vmin,vmax=vmax,cmap=dens_plot_info[density]['cmap'],aspect='equal') for plane in planes]
/cosma/home/durham/dc-coll7/masters/data_handling.py:504: RuntimeWarning: invalid value encountered in divide
  weighted_mean_metallicity=np.divide(weighted_metallicity,bin_masses)
/cosma/home/durham/dc-coll7/masters/data_handling.py:529: RuntimeWarning: divide by zero encountered in log10
  masks={'DLA':np.log10(nH_col) >20.3,'subDLA': (20.3>np.log10(nH_col)) & (np.log10(nH_col) >19),'LymanLimit': (19>np.log10(nH_col)) & (np.log10(nH_col) >17.2)}
/cosma/home/durham/dc-coll7/masters/plot_generation.py:438: UserWarning: Attempt to set non-positive ylim on a log-scaled axis will be ignored.
  plt.ylim([0,np.float64(10**5)])
/cosma/home/durham/dc-coll7/masters/plot_generation.py:464: UserWarning: Attempt to set non-positive xlim on a log-scaled axis will be ignored.
  ax_gzhist.set_xlim([0,np.float64(3*10**4)])
/cosma/home/durham/dc-coll7/masters/plot_generation.py:171: RuntimeWarning: divide by zero encountered in log10
  imshows=[ax_masshist[row_index][planes[plane]['index']].imshow(np.log10(loaded_data[plane]),extent=plot_extents[plane],vmin=vmin,vmax=vmax,cmap=type_plot_info[matter_type]['cmap'],aspect='equal') for plane in planes]
/cosma/home/durham/dc-coll7/masters/plot_generation.py:280: RuntimeWarning: divide by zero encountered in log10
  imshows=[ax_gashist[row_index][planes[plane]['index']].imshow(np.log10(loaded_data[plane]),extent=plot_extents[plane],vmin=vmin,vmax=vmax,cmap=dens_plot_info[density]['cmap'],aspect='equal') for plane in planes]
/cosma/home/durham/dc-coll7/masters/data_handling.py:504: RuntimeWarning: invalid value encountered in divide
  weighted_mean_metallicity=np.divide(weighted_metallicity,bin_masses)
/cosma/home/durham/dc-coll7/masters/data_handling.py:529: RuntimeWarning: divide by zero encountered in log10
  masks={'DLA':np.log10(nH_col) >20.3,'subDLA': (20.3>np.log10(nH_col)) & (np.log10(nH_col) >19),'LymanLimit': (19>np.log10(nH_col)) & (np.log10(nH_col) >17.2)}
/cosma/home/durham/dc-coll7/masters/plot_generation.py:438: UserWarning: Attempt to set non-positive ylim on a log-scaled axis will be ignored.
  plt.ylim([0,np.float64(10**5)])
/cosma/home/durham/dc-coll7/masters/plot_generation.py:464: UserWarning: Attempt to set non-positive xlim on a log-scaled axis will be ignored.
  ax_gzhist.set_xlim([0,np.float64(3*10**4)])
/cosma/home/durham/dc-coll7/masters/plot_generation.py:171: RuntimeWarning: divide by zero encountered in log10
  imshows=[ax_masshist[row_index][planes[plane]['index']].imshow(np.log10(loaded_data[plane]),extent=plot_extents[plane],vmin=vmin,vmax=vmax,cmap=type_plot_info[matter_type]['cmap'],aspect='equal') for plane in planes]
/cosma/home/durham/dc-coll7/masters/plot_generation.py:280: RuntimeWarning: divide by zero encountered in log10
  imshows=[ax_gashist[row_index][planes[plane]['index']].imshow(np.log10(loaded_data[plane]),extent=plot_extents[plane],vmin=vmin,vmax=vmax,cmap=dens_plot_info[density]['cmap'],aspect='equal') for plane in planes]
/cosma/home/durham/dc-coll7/masters/data_handling.py:504: RuntimeWarning: invalid value encountered in divide
  weighted_mean_metallicity=np.divide(weighted_metallicity,bin_masses)
/cosma/home/durham/dc-coll7/masters/data_handling.py:529: RuntimeWarning: divide by zero encountered in log10
  masks={'DLA':np.log10(nH_col) >20.3,'subDLA': (20.3>np.log10(nH_col)) & (np.log10(nH_col) >19),'LymanLimit': (19>np.log10(nH_col)) & (np.log10(nH_col) >17.2)}
/cosma/home/durham/dc-coll7/masters/plot_generation.py:438: UserWarning: Attempt to set non-positive ylim on a log-scaled axis will be ignored.
  plt.ylim([0,np.float64(10**5)])
/cosma/home/durham/dc-coll7/masters/plot_generation.py:464: UserWarning: Attempt to set non-positive xlim on a log-scaled axis will be ignored.
  ax_gzhist.set_xlim([0,np.float64(3*10**4)])
Using default directory: /cosma8/data/dp004/lyra/original_sample/

Directory for T4_Aug located
T4_Aug Redshift File Located

Snapshot Number 159 Provided

 Redshift file for T4_Aug located

Snapshot Number: 159
Snapshot Redshift: 1.5919240379818054

No Directory Detected for T4_Aug Snapshot 159
T4_Aug Snapshot 159 Directory Created

No T4_Aug Snapshot 159 subfind directory detected
Subfind directory for T4_Aug Snapshot 159 created

Importing T4_Aug Snapshot 159 Subfind Data
Subfind Data imported

No Subfind FoF Data Located\Loading subfind data for T4_Aug from Snapshot 159
Subfind FoF position data saved
Subfind FoF mass data saved
Subfind Halo Parameters Saved

 Redshift file for T4_Aug located

Snapshot Number: 159
Snapshot Redshift: 1.5919240379818054

Subfind Position Data Imported
Subfind Mass Data Imported

 Redshift file for T4_Aug located

Snapshot Number: 159
Snapshot Redshift: 1.5919240379818054

No T4_Aug raw Snapshot 159 data directory detected
Directory for T4_Aug raw Snapshot 159 data created

T4_Aug Snapshot 159 Gas raw data incomplete
Importing Snapshot 159 Gas data
T4_Aug Snapshot 159 Gas data loaded

Saving required Gas snapshot data to external file

Gas pos data loaded
Gas pos data saved externally

Gas mass data loaded
Gas mass data saved externally

Gas gz data loaded
Gas gz data saved externally

Gas gmet data loaded
Gas gmet data saved externally

Gas nh data loaded
Gas nh data saved externally

T4_Aug Snapshot 159 DM raw data incomplete
Importing Snapshot 159 DM data
T4_Aug Snapshot 159 DM data loaded

Saving required DM snapshot data to external file

DM pos data loaded
DM pos data saved externally

DM Mass Parameters data loaded
DM Mass Parameters data saved externally

DM mass data calculated
DM mass data saved externally

T4_Aug Snapshot 159 Stars raw data incomplete
Importing Snapshot 159 Stars data
T4_Aug Snapshot 159 Stars data loaded

Saving required Stars snapshot data to external file

Stars pos data loaded
Stars pos data saved externally

Stars mass data loaded
Stars mass data saved externally

T4_Aug Snapshot 159 Raw Data Import Complete

Snapshot 159 mass raw data located

Snapshot 159 nh raw data located

Snapshot 159 gz raw data located

Directory for T4_Aug located

 Redshift file for T4_Aug located

Snapshot Number: 159
Snapshot Redshift: 1.5919240379818054

Snapshot 159 Gas raw data located

Snapshot 159 DM raw data located

Snapshot 159 Stars raw data located
Gas Relative Position Data Not Found, Generating
Gas Relative Position File Generated
DM Relative Position Data Not Found, Generating
DM Relative Position File Generated
Stars Relative Position Data Not Found, Generating
Stars Relative Position File Generated
Gas Radial Position Data Not Found, Generating
Gas Radial Position File Generated
DM Radial Position Data Not Found, Generating
DM Radial Position File Generated
Stars Radial Position Data Not Found, Generating
Stars Radial Position File Generated

gas spatial extent calculated

gas bin widths calculated

gas xy binned masses calculated

gas xy projected densities calculated

gas xz binned masses calculated

gas xz projected densities calculated

gas yz binned masses calculated

gas yz projected densities calculated

gas projected density file created

dm spatial extent calculated

dm bin widths calculated

dm xy binned masses calculated

dm xy projected densities calculated

dm xz binned masses calculated

dm xz projected densities calculated

dm yz binned masses calculated

dm yz projected densities calculated

dm projected density file created

stars spatial extent calculated

stars bin widths calculated

stars xy binned masses calculated

stars xy projected densities calculated

stars xz binned masses calculated

stars xz projected densities calculated

stars yz binned masses calculated

stars yz projected densities calculated

stars projected density file created

 Redshift file for T4_Aug located

Snapshot Number: 159
Snapshot Redshift: 1.5919240379818054

 Redshift file for T4_Aug located

Snapshot Number: 159
Snapshot Redshift: 1.5919240379818054

Spatial extent calculated

Bin widths calculated

 Redshift file for T4_Aug located

Snapshot Number: 159
Snapshot Redshift: 1.5919240379818054

 Redshift file for T4_Aug located

Snapshot Number: 159
Snapshot Redshift: 1.5919240379818054

 Redshift file for T4_Aug located

Snapshot Number: 159
Snapshot Redshift: 1.5919240379818054

Directory for T4_Aug located

 Redshift file for T4_Aug located

Snapshot Number: 160
Snapshot Redshift: 1.4486595247532112

Snapshot 160 gmet Raw Data Incomplete
Using default directory: /cosma8/data/dp004/lyra/original_sample/

Directory for T4_Aug located
T4_Aug Redshift File Located

Snapshot Number 160 Provided

 Redshift file for T4_Aug located

Snapshot Number: 160
Snapshot Redshift: 1.4486595247532112

No Directory Detected for T4_Aug Snapshot 160
T4_Aug Snapshot 160 Directory Created

No T4_Aug Snapshot 160 subfind directory detected
Subfind directory for T4_Aug Snapshot 160 created

Importing T4_Aug Snapshot 160 Subfind Data
Subfind Data imported

No Subfind FoF Data Located\Loading subfind data for T4_Aug from Snapshot 160
Subfind FoF position data saved
Subfind FoF mass data saved
Subfind Halo Parameters Saved

 Redshift file for T4_Aug located

Snapshot Number: 160
Snapshot Redshift: 1.4486595247532112

Subfind Position Data Imported
Subfind Mass Data Imported

 Redshift file for T4_Aug located

Snapshot Number: 160
Snapshot Redshift: 1.4486595247532112

No T4_Aug raw Snapshot 160 data directory detected
Directory for T4_Aug raw Snapshot 160 data created

T4_Aug Snapshot 160 Gas raw data incomplete
Importing Snapshot 160 Gas data
T4_Aug Snapshot 160 Gas data loaded

Saving required Gas snapshot data to external file

Gas pos data loaded
Gas pos data saved externally

Gas mass data loaded
Gas mass data saved externally

Gas gz data loaded
Gas gz data saved externally

Gas gmet data loaded
Gas gmet data saved externally

Gas nh data loaded
Gas nh data saved externally

T4_Aug Snapshot 160 DM raw data incomplete
Importing Snapshot 160 DM data
T4_Aug Snapshot 160 DM data loaded

Saving required DM snapshot data to external file

DM pos data loaded
DM pos data saved externally

DM Mass Parameters data loaded
DM Mass Parameters data saved externally

DM mass data calculated
DM mass data saved externally

T4_Aug Snapshot 160 Stars raw data incomplete
Importing Snapshot 160 Stars data
T4_Aug Snapshot 160 Stars data loaded

Saving required Stars snapshot data to external file

Stars pos data loaded
Stars pos data saved externally

Stars mass data loaded
Stars mass data saved externally

T4_Aug Snapshot 160 Raw Data Import Complete

Snapshot 160 mass raw data located

Snapshot 160 nh raw data located

Snapshot 160 gz raw data located

Directory for T4_Aug located

 Redshift file for T4_Aug located

Snapshot Number: 160
Snapshot Redshift: 1.4486595247532112

Snapshot 160 Gas raw data located

Snapshot 160 DM raw data located

Snapshot 160 Stars raw data located
Gas Relative Position Data Not Found, Generating
Gas Relative Position File Generated
DM Relative Position Data Not Found, Generating
DM Relative Position File Generated
Stars Relative Position Data Not Found, Generating
Stars Relative Position File Generated
Gas Radial Position Data Not Found, Generating
Gas Radial Position File Generated
DM Radial Position Data Not Found, Generating
DM Radial Position File Generated
Stars Radial Position Data Not Found, Generating
Stars Radial Position File Generated

gas spatial extent calculated

gas bin widths calculated

gas xy binned masses calculated

gas xy projected densities calculated

gas xz binned masses calculated

gas xz projected densities calculated

gas yz binned masses calculated

gas yz projected densities calculated

gas projected density file created

dm spatial extent calculated

dm bin widths calculated

dm xy binned masses calculated

dm xy projected densities calculated

dm xz binned masses calculated

dm xz projected densities calculated

dm yz binned masses calculated

dm yz projected densities calculated

dm projected density file created

stars spatial extent calculated

stars bin widths calculated

stars xy binned masses calculated

stars xy projected densities calculated

stars xz binned masses calculated

stars xz projected densities calculated

stars yz binned masses calculated

stars yz projected densities calculated

stars projected density file created

 Redshift file for T4_Aug located

Snapshot Number: 160
Snapshot Redshift: 1.4486595247532112

 Redshift file for T4_Aug located

Snapshot Number: 160
Snapshot Redshift: 1.4486595247532112

Spatial extent calculated

Bin widths calculated

 Redshift file for T4_Aug located

Snapshot Number: 160
Snapshot Redshift: 1.4486595247532112

 Redshift file for T4_Aug located

Snapshot Number: 160
Snapshot Redshift: 1.4486595247532112

 Redshift file for T4_Aug located

Snapshot Number: 160
Snapshot Redshift: 1.4486595247532112

Directory for T4_Aug located

 Redshift file for T4_Aug located

Snapshot Number: 161
Snapshot Redshift: 1.3133137315371863

Snapshot 161 gmet Raw Data Incomplete
Using default directory: /cosma8/data/dp004/lyra/original_sample/

Directory for T4_Aug located
T4_Aug Redshift File Located

Snapshot Number 161 Provided

 Redshift file for T4_Aug located

Snapshot Number: 161
Snapshot Redshift: 1.3133137315371863

No Directory Detected for T4_Aug Snapshot 161
T4_Aug Snapshot 161 Directory Created

No T4_Aug Snapshot 161 subfind directory detected
Subfind directory for T4_Aug Snapshot 161 created

Importing T4_Aug Snapshot 161 Subfind Data
Subfind Data imported

No Subfind FoF Data Located\Loading subfind data for T4_Aug from Snapshot 161
Subfind FoF position data saved
Subfind FoF mass data saved
Subfind Halo Parameters Saved

 Redshift file for T4_Aug located

Snapshot Number: 161
Snapshot Redshift: 1.3133137315371863

Subfind Position Data Imported
Subfind Mass Data Imported

 Redshift file for T4_Aug located

Snapshot Number: 161
Snapshot Redshift: 1.3133137315371863

No T4_Aug raw Snapshot 161 data directory detected
Directory for T4_Aug raw Snapshot 161 data created

T4_Aug Snapshot 161 Gas raw data incomplete
Importing Snapshot 161 Gas data
T4_Aug Snapshot 161 Gas data loaded

Saving required Gas snapshot data to external file

Gas pos data loaded
Gas pos data saved externally

Gas mass data loaded
Gas mass data saved externally

Gas gz data loaded
Gas gz data saved externally

Gas gmet data loaded
Gas gmet data saved externally

Gas nh data loaded
Gas nh data saved externally

T4_Aug Snapshot 161 DM raw data incomplete
Importing Snapshot 161 DM data
T4_Aug Snapshot 161 DM data loaded

Saving required DM snapshot data to external file

DM pos data loaded
DM pos data saved externally

DM Mass Parameters data loaded
DM Mass Parameters data saved externally

DM mass data calculated
DM mass data saved externally

T4_Aug Snapshot 161 Stars raw data incomplete
Importing Snapshot 161 Stars data
T4_Aug Snapshot 161 Stars data loaded

Saving required Stars snapshot data to external file

Stars pos data loaded
Stars pos data saved externally

Stars mass data loaded
Stars mass data saved externally

T4_Aug Snapshot 161 Raw Data Import Complete

Snapshot 161 mass raw data located

Snapshot 161 nh raw data located

Snapshot 161 gz raw data located

Directory for T4_Aug located

 Redshift file for T4_Aug located

Snapshot Number: 161
Snapshot Redshift: 1.3133137315371863

Snapshot 161 Gas raw data located

Snapshot 161 DM raw data located

Snapshot 161 Stars raw data located
Gas Relative Position Data Not Found, Generating
Gas Relative Position File Generated
DM Relative Position Data Not Found, Generating
DM Relative Position File Generated
Stars Relative Position Data Not Found, Generating
Stars Relative Position File Generated
Gas Radial Position Data Not Found, Generating
Gas Radial Position File Generated
DM Radial Position Data Not Found, Generating
DM Radial Position File Generated
Stars Radial Position Data Not Found, Generating
Stars Radial Position File Generated

gas spatial extent calculated

gas bin widths calculated

gas xy binned masses calculated

gas xy projected densities calculated

gas xz binned masses calculated

gas xz projected densities calculated

gas yz binned masses calculated

gas yz projected densities calculated

gas projected density file created

dm spatial extent calculated

dm bin widths calculated

dm xy binned masses calculated

dm xy projected densities calculated

dm xz binned masses calculated

dm xz projected densities calculated

dm yz binned masses calculated

dm yz projected densities calculated

dm projected density file created

stars spatial extent calculated

stars bin widths calculated

stars xy binned masses calculated

stars xy projected densities calculated

stars xz binned masses calculated

stars xz projected densities calculated

stars yz binned masses calculated

stars yz projected densities calculated

stars projected density file created

 Redshift file for T4_Aug located

Snapshot Number: 161
Snapshot Redshift: 1.3133137315371863

 Redshift file for T4_Aug located

Snapshot Number: 161
Snapshot Redshift: 1.3133137315371863

Spatial extent calculated

Bin widths calculated

 Redshift file for T4_Aug located

Snapshot Number: 161
Snapshot Redshift: 1.3133137315371863

 Redshift file for T4_Aug located

Snapshot Number: 161
Snapshot Redshift: 1.3133137315371863

 Redshift file for T4_Aug located

Snapshot Number: 161
Snapshot Redshift: 1.3133137315371863

Directory for T4_Aug located

 Redshift file for T4_Aug located

Snapshot Number: 162
Snapshot Redshift: 1.1958288722076

Snapshot 162 gmet Raw Data Incomplete
Using default directory: /cosma8/data/dp004/lyra/original_sample/

Directory for T4_Aug located
T4_Aug Redshift File Located

Snapshot Number 162 Provided

 Redshift file for T4_Aug located

Snapshot Number: 162
Snapshot Redshift: 1.1958288722076

No Directory Detected for T4_Aug Snapshot 162
T4_Aug Snapshot 162 Directory Created

No T4_Aug Snapshot 162 subfind directory detected
Subfind directory for T4_Aug Snapshot 162 created

Importing T4_Aug Snapshot 162 Subfind Data
Subfind Data imported

No Subfind FoF Data Located\Loading subfind data for T4_Aug from Snapshot 162
Subfind FoF position data saved
Subfind FoF mass data saved
Subfind Halo Parameters Saved

 Redshift file for T4_Aug located

Snapshot Number: 162
Snapshot Redshift: 1.1958288722076

Subfind Position Data Imported
Subfind Mass Data Imported

 Redshift file for T4_Aug located

Snapshot Number: 162
Snapshot Redshift: 1.1958288722076

No T4_Aug raw Snapshot 162 data directory detected
Directory for T4_Aug raw Snapshot 162 data created

T4_Aug Snapshot 162 Gas raw data incomplete
Importing Snapshot 162 Gas data
T4_Aug Snapshot 162 Gas data loaded

Saving required Gas snapshot data to external file

Gas pos data loaded
Gas pos data saved externally

Gas mass data loaded
Gas mass data saved externally

Gas gz data loaded
Gas gz data saved externally

Gas gmet data loaded
Gas gmet data saved externally

Gas nh data loaded
Gas nh data saved externally

T4_Aug Snapshot 162 DM raw data incomplete
Importing Snapshot 162 DM data
T4_Aug Snapshot 162 DM data loaded

Saving required DM snapshot data to external file

DM pos data loaded
DM pos data saved externally

DM Mass Parameters data loaded
DM Mass Parameters data saved externally

DM mass data calculated
DM mass data saved externally

T4_Aug Snapshot 162 Stars raw data incomplete
Importing Snapshot 162 Stars data
T4_Aug Snapshot 162 Stars data loaded

Saving required Stars snapshot data to external file

Stars pos data loaded
Stars pos data saved externally

Stars mass data loaded
Stars mass data saved externally

T4_Aug Snapshot 162 Raw Data Import Complete

Snapshot 162 mass raw data located

Snapshot 162 nh raw data located

Snapshot 162 gz raw data located

Directory for T4_Aug located

 Redshift file for T4_Aug located

Snapshot Number: 162
Snapshot Redshift: 1.1958288722076

Snapshot 162 Gas raw data located

Snapshot 162 DM raw data located

Snapshot 162 Stars raw data located
Gas Relative Position Data Not Found, Generating
Gas Relative Position File Generated
DM Relative Position Data Not Found, Generating
DM Relative Position File Generated
Stars Relative Position Data Not Found, Generating
Stars Relative Position File Generated
Gas Radial Position Data Not Found, Generating
Gas Radial Position File Generated
DM Radial Position Data Not Found, Generating
DM Radial Position File Generated
Stars Radial Position Data Not Found, Generating
Stars Radial Position File Generated

gas spatial extent calculated

gas bin widths calculated

gas xy binned masses calculated

gas xy projected densities calculated

gas xz binned masses calculated

gas xz projected densities calculated

gas yz binned masses calculated

gas yz projected densities calculated

gas projected density file created

dm spatial extent calculated

dm bin widths calculated

dm xy binned masses calculated

dm xy projected densities calculated

dm xz binned masses calculated

dm xz projected densities calculated

dm yz binned masses calculated

dm yz projected densities calculated

dm projected density file created

stars spatial extent calculated

stars bin widths calculated

stars xy binned masses calculated

stars xy projected densities calculated

stars xz binned masses calculated

stars xz projected densities calculated

stars yz binned masses calculated

stars yz projected densities calculated

stars projected density file created

 Redshift file for T4_Aug located

Snapshot Number: 162
Snapshot Redshift: 1.1958288722076

 Redshift file for T4_Aug located

Snapshot Number: 162
Snapshot Redshift: 1.1958288722076

Spatial extent calculated

Bin widths calculated

 Redshift file for T4_Aug located

Snapshot Number: 162
Snapshot Redshift: 1.1958288722076

 Redshift file for T4_Aug located

Snapshot Number: 162
Snapshot Redshift: 1.1958288722076

 Redshift file for T4_Aug located

Snapshot Number: 162
Snapshot Redshift: 1.1958288722076

Directory for T4_Aug located

 Redshift file for T4_Aug located

Snapshot Number: 163
Snapshot Redshift: 1.0942101917585805

Snapshot 163 gmet Raw Data Incomplete
Using default directory: /cosma8/data/dp004/lyra/original_sample/

Directory for T4_Aug located
T4_Aug Redshift File Located

Snapshot Number 163 Provided

 Redshift file for T4_Aug located

Snapshot Number: 163
Snapshot Redshift: 1.0942101917585805

No Directory Detected for T4_Aug Snapshot 163
T4_Aug Snapshot 163 Directory Created

No T4_Aug Snapshot 163 subfind directory detected
Subfind directory for T4_Aug Snapshot 163 created

Importing T4_Aug Snapshot 163 Subfind Data
Subfind Data imported

No Subfind FoF Data Located\Loading subfind data for T4_Aug from Snapshot 163
Subfind FoF position data saved
Subfind FoF mass data saved
Subfind Halo Parameters Saved

 Redshift file for T4_Aug located

Snapshot Number: 163
Snapshot Redshift: 1.0942101917585805

Subfind Position Data Imported
Subfind Mass Data Imported

 Redshift file for T4_Aug located

Snapshot Number: 163
Snapshot Redshift: 1.0942101917585805

No T4_Aug raw Snapshot 163 data directory detected
Directory for T4_Aug raw Snapshot 163 data created

T4_Aug Snapshot 163 Gas raw data incomplete
Importing Snapshot 163 Gas data
T4_Aug Snapshot 163 Gas data loaded

Saving required Gas snapshot data to external file

Gas pos data loaded
Gas pos data saved externally

Gas mass data loaded
Gas mass data saved externally

Gas gz data loaded
Gas gz data saved externally

Gas gmet data loaded
Gas gmet data saved externally

Gas nh data loaded
Gas nh data saved externally

T4_Aug Snapshot 163 DM raw data incomplete
Importing Snapshot 163 DM data
T4_Aug Snapshot 163 DM data loaded

Saving required DM snapshot data to external file

DM pos data loaded
DM pos data saved externally

DM Mass Parameters data loaded
DM Mass Parameters data saved externally

DM mass data calculated
DM mass data saved externally

T4_Aug Snapshot 163 Stars raw data incomplete
Importing Snapshot 163 Stars data
T4_Aug Snapshot 163 Stars data loaded

Saving required Stars snapshot data to external file

Stars pos data loaded
Stars pos data saved externally

Stars mass data loaded
Stars mass data saved externally

T4_Aug Snapshot 163 Raw Data Import Complete

Snapshot 163 mass raw data located

Snapshot 163 nh raw data located

Snapshot 163 gz raw data located

Directory for T4_Aug located

 Redshift file for T4_Aug located

Snapshot Number: 163
Snapshot Redshift: 1.0942101917585805

Snapshot 163 Gas raw data located

Snapshot 163 DM raw data located

Snapshot 163 Stars raw data located
Gas Relative Position Data Not Found, Generating
Gas Relative Position File Generated
DM Relative Position Data Not Found, Generating
DM Relative Position File Generated
Stars Relative Position Data Not Found, Generating
Stars Relative Position File Generated
Gas Radial Position Data Not Found, Generating
Gas Radial Position File Generated
DM Radial Position Data Not Found, Generating
DM Radial Position File Generated
Stars Radial Position Data Not Found, Generating
Stars Radial Position File Generated

gas spatial extent calculated

gas bin widths calculated

gas xy binned masses calculated

gas xy projected densities calculated

gas xz binned masses calculated

gas xz projected densities calculated

gas yz binned masses calculated

gas yz projected densities calculated

gas projected density file created

dm spatial extent calculated

dm bin widths calculated

dm xy binned masses calculated

dm xy projected densities calculated

dm xz binned masses calculated

dm xz projected densities calculated

dm yz binned masses calculated

dm yz projected densities calculated

dm projected density file created

stars spatial extent calculated

stars bin widths calculated

stars xy binned masses calculated

stars xy projected densities calculated

stars xz binned masses calculated

stars xz projected densities calculated

stars yz binned masses calculated

stars yz projected densities calculated

stars projected density file created

 Redshift file for T4_Aug located

Snapshot Number: 163
Snapshot Redshift: 1.0942101917585805

 Redshift file for T4_Aug located

Snapshot Number: 163
Snapshot Redshift: 1.0942101917585805

Spatial extent calculated

Bin widths calculated

 Redshift file for T4_Aug located

Snapshot Number: 163
Snapshot Redshift: 1.0942101917585805

 Redshift file for T4_Aug located

Snapshot Number: 163
Snapshot Redshift: 1.0942101917585805

 Redshift file for T4_Aug located

Snapshot Number: 163
Snapshot Redshift: 1.0942101917585805

Directory for T4_Aug located

 Redshift file for T4_Aug located

Snapshot Number: 164
Snapshot Redshift: 0.9972942257819404

Snapshot 164 gmet Raw Data Incomplete
Using default directory: /cosma8/data/dp004/lyra/original_sample/

Directory for T4_Aug located
T4_Aug Redshift File Located

Snapshot Number 164 Provided

 Redshift file for T4_Aug located

Snapshot Number: 164
Snapshot Redshift: 0.9972942257819404

No Directory Detected for T4_Aug Snapshot 164
T4_Aug Snapshot 164 Directory Created

No T4_Aug Snapshot 164 subfind directory detected
Subfind directory for T4_Aug Snapshot 164 created

Importing T4_Aug Snapshot 164 Subfind Data
Subfind Data imported

No Subfind FoF Data Located\Loading subfind data for T4_Aug from Snapshot 164
Subfind FoF position data saved
Subfind FoF mass data saved
Subfind Halo Parameters Saved

 Redshift file for T4_Aug located

Snapshot Number: 164
Snapshot Redshift: 0.9972942257819404

Subfind Position Data Imported
Subfind Mass Data Imported

 Redshift file for T4_Aug located

Snapshot Number: 164
Snapshot Redshift: 0.9972942257819404

No T4_Aug raw Snapshot 164 data directory detected
Directory for T4_Aug raw Snapshot 164 data created

T4_Aug Snapshot 164 Gas raw data incomplete
Importing Snapshot 164 Gas data
T4_Aug Snapshot 164 Gas data loaded

Saving required Gas snapshot data to external file

Gas pos data loaded
Gas pos data saved externally

Gas mass data loaded
Gas mass data saved externally

Gas gz data loaded
Gas gz data saved externally

Gas gmet data loaded
Gas gmet data saved externally

Gas nh data loaded
Gas nh data saved externally

T4_Aug Snapshot 164 DM raw data incomplete
Importing Snapshot 164 DM data
T4_Aug Snapshot 164 DM data loaded

Saving required DM snapshot data to external file

DM pos data loaded
DM pos data saved externally

DM Mass Parameters data loaded
DM Mass Parameters data saved externally

DM mass data calculated
DM mass data saved externally

T4_Aug Snapshot 164 Stars raw data incomplete
Importing Snapshot 164 Stars data
T4_Aug Snapshot 164 Stars data loaded

Saving required Stars snapshot data to external file

Stars pos data loaded
Stars pos data saved externally

Stars mass data loaded
Stars mass data saved externally

T4_Aug Snapshot 164 Raw Data Import Complete

Snapshot 164 mass raw data located

Snapshot 164 nh raw data located

Snapshot 164 gz raw data located

Directory for T4_Aug located

 Redshift file for T4_Aug located

Snapshot Number: 164
Snapshot Redshift: 0.9972942257819404

Snapshot 164 Gas raw data located

Snapshot 164 DM raw data located

Snapshot 164 Stars raw data located
Gas Relative Position Data Not Found, Generating
Gas Relative Position File Generated
DM Relative Position Data Not Found, Generating
DM Relative Position File Generated
Stars Relative Position Data Not Found, Generating
Stars Relative Position File Generated
Gas Radial Position Data Not Found, Generating
Gas Radial Position File Generated
DM Radial Position Data Not Found, Generating
DM Radial Position File Generated
Stars Radial Position Data Not Found, Generating
Stars Radial Position File Generated

gas spatial extent calculated

gas bin widths calculated

gas xy binned masses calculated

gas xy projected densities calculated

gas xz binned masses calculated

gas xz projected densities calculated

gas yz binned masses calculated

gas yz projected densities calculated

gas projected density file created

dm spatial extent calculated

dm bin widths calculated

dm xy binned masses calculated

dm xy projected densities calculated

dm xz binned masses calculated

dm xz projected densities calculated

dm yz binned masses calculated

dm yz projected densities calculated

dm projected density file created

stars spatial extent calculated

stars bin widths calculated

stars xy binned masses calculated

stars xy projected densities calculated

stars xz binned masses calculated

stars xz projected densities calculated

stars yz binned masses calculated

stars yz projected densities calculated

stars projected density file created

 Redshift file for T4_Aug located

Snapshot Number: 164
Snapshot Redshift: 0.9972942257819404

 Redshift file for T4_Aug located

Snapshot Number: 164
Snapshot Redshift: 0.9972942257819404

Spatial extent calculated

Bin widths calculated

 Redshift file for T4_Aug located

Snapshot Number: 164
Snapshot Redshift: 0.9972942257819404

 Redshift file for T4_Aug located

Snapshot Number: 164
Snapshot Redshift: 0.9972942257819404

 Redshift file for T4_Aug located

Snapshot Number: 164
Snapshot Redshift: 0.9972942257819404
